Country,Code,Voice and Accountability,Political Stability and Absence of Violence/Terrorism,Government Effectiveness,Regulatory Quality,Rule of Law,Control of Corruption
Aruba,ABW,1.2941887378692627,1.3573716878890991,1.0299327373504639,0.8573601245880127,1.2631280422210693,1.2172383069992065
Andorra,ADO,1.1391539573669434,1.6151394844055176,1.9087485074996948,1.228176474571228,1.5799388885498047,1.2343919277191162
Afghanistan,AFG,-0.9880322813987732,-2.649406671524048,-1.4638749361038208,-1.1205554008483887,-1.713526964187622,-1.4010756015777588
Angola,AGO,-0.7772831916809082,-0.3111005425453186,-1.1171437501907349,-0.8938713669776917,-1.0543431043624878,-1.0546833276748657
Anguilla,AIA,NA,1.3673566579818726,0.8158238530158997,0.8462311029434204,0.35573673248291016,1.2343919277191162
Albania,ALB,0.15180465579032898,0.11856954544782639,-0.061330899596214294,0.27437981963157654,-0.41117939352989197,-0.5287575721740723
Netherlands Antilles (former),ANT,NA,NA,NA,NA,NA,NA
United Arab Emirates,ARE,-1.1220358610153198,0.7034943103790283,1.377220869064331,0.9793252348899841,0.8402188420295715,1.106342077255249
Argentina,ARG,0.6004348993301392,-0.11997848749160767,-0.08648588508367538,-0.4927525818347931,-0.430725634098053,-0.07107135653495789
Armenia,ARM,0.05004274845123291,-0.5064106583595276,-0.06681737303733826,0.2495153248310089,-0.13127575814723969,-0.18416833877563477
American Samoa,ASM,NA,1.160380482673645,0.5425926446914673,-0.2996050715446472,1.335098385810852,1.8438825607299805
Antigua and Barbuda,ATG,0.7604435682296753,0.9597089886665344,-0.0038697037380188704,0.48537468910217285,0.4052046537399292,0.2778981924057007
Australia,AUS,1.3151254653930664,1.0865033864974976,1.5718960762023926,1.8735394477844238,1.7341445684432983,1.8111071586608887
Austria,AUT,1.3265985250473022,0.9801226854324341,1.4909114837646484,1.4591155052185059,1.8830512762069702,1.5454288721084595
Azerbaijan,AZE,-1.4917879104614258,-0.6811310052871704,-0.13917681574821472,-0.22664128243923187,-0.5772703289985657,-0.8684072494506836
Burundi,BDI,-1.708203673362732,-1.6490296125411987,-1.3263216018676758,-0.9495388865470886,-1.431904673576355,-1.4584697484970093
Belgium,BEL,1.369119644165039,0.4811862111091614,1.0322270393371582,1.2909990549087524,1.3637149333953857,1.5519605875015259
Benin,BEN,0.09206519275903702,-0.3478640615940094,-0.44065171480178833,-0.3759646713733673,-0.6641258597373962,-0.3237638771533966
Burkina Faso,BFA,-0.18009068071842194,-1.1886175870895386,-0.7585108876228333,-0.3764920234680176,-0.4262591004371643,-0.18865616619586945
Bangladesh,BGD,-0.7217754125595093,-0.9181734919548035,-0.7392300963401794,-0.9289543032646179,-0.6363083720207214,-0.9938096404075623
Bulgaria,BGR,0.3849186897277832,0.5401217341423035,0.33900025486946106,0.5316786170005798,0.03589657321572304,-0.15519021451473236
Bahrain,BHR,-1.4125843048095703,-0.6615179777145386,0.2987609803676605,0.4850985109806061,0.4943777918815613,-0.010218021459877491
"Bahamas, The",BHS,0.9342639446258545,0.829479455947876,0.48609626293182373,-0.04830378293991089,0.07653187960386276,1.1846281290054321
Bosnia and Herzegovina,BIH,-0.1992863118648529,-0.4004397392272949,-0.6342770457267761,-0.19400231540203094,-0.2335415929555893,-0.6131451725959778
Belarus,BLR,-1.4025019407272339,0.28913021087646484,-0.18333275616168976,-0.5437806248664856,-0.7944577932357788,-0.059538982808589935
Belize,BLZ,0.5317143797874451,0.06981529295444489,-0.6767014265060425,-0.544256865978241,-0.7755124568939209,-0.19602280855178833
Bermuda,BMU,NA,1.0772281885147095,1.3622862100601196,0.8462311029434204,0.8454175591468811,1.2343919277191162
Bolivia,BOL,-0.09123608469963074,-0.6153546571731567,-0.6992179751396179,-0.9934061765670776,-1.1213886737823486,-0.742189347743988
Brazil,BRA,0.34442514181137085,-0.5464811325073242,-0.18673795461654663,-0.17779399454593658,-0.18090397119522095,-0.3339984714984894
Barbados,BRB,1.1318668127059937,0.9417336583137512,0.6314250230789185,0.4123010039329529,0.3570292294025421,1.261709213256836
Brunei Darussalam,BRN,-0.9489539265632629,1.1722456216812134,1.3183088302612305,0.6344553232192993,0.6142666935920715,0.8018863797187805
Bhutan,BTN,0.09876487404108047,1.0925052165985107,0.31376519799232483,-0.32665666937828064,0.5897077322006226,1.6179190874099731
South Sudan,SSD,-1.9748085737228394,-2.5589020252227783,-2.4515552520751953,-2.048964738845825,-1.969724416732788,-1.7737241983413696
Botswana,BWA,0.5260314345359802,1.0112968683242798,0.42904797196388245,0.3700963854789734,0.498439222574234,0.7078155875205994
Central African Republic,CAF,-1.201646089553833,-2.1829676628112793,-1.7472009658813477,-1.3728123903274536,-1.7283856868743896,-1.2284399271011353
Canada,CAN,1.4625053405761719,1.0299052000045776,1.7316431999206543,1.7160972356796265,1.7599397897720337,1.766973614692688
Switzerland,CHE,1.527955412864685,1.3369934558868408,1.952120065689087,1.66447913646698,1.9066414833068848,1.977294921875
Chile,CHL,1.0196022987365723,0.20638242363929749,1.0604203939437866,1.224169135093689,1.073613166809082,1.0884568691253662
China,CHN,-1.6123721599578857,-0.24038255214691162,0.5182531476020813,-0.24461442232131958,-0.27471861243247986,-0.32349681854248047
Côte d'Ivoire,CIV,-0.22257386147975922,-0.9623560309410095,-0.4825879633426666,-0.24286311864852905,-0.5669065713882446,-0.5250722765922546
Cameroon,CMR,-1.194610357284546,-1.5552833080291748,-0.8121465444564819,-0.8270047903060913,-1.1189085245132446,-1.2086620330810547
"Congo, Rep.",COG,-1.2617318630218506,-0.892699122428894,-1.3877066373825073,-1.2994359731674194,-1.1497093439102173,-1.409546971321106
Cook Islands,COK,NA,NA,NA,NA,NA,NA
Colombia,COL,0.2294834703207016,-0.9002540111541748,0.07122322171926498,0.39661210775375366,-0.41692885756492615,-0.22916705906391144
Comoros,COM,-0.68938446044921875,-0.14867544174194336,-1.6691975593566895,-1.119255542755127,-1.0875025987625122,-1.0203497409820557
Cape Verde,CPV,0.9689362645149231,0.8809047341346741,0.29302796721458435,-0.22461752593517303,0.5153446197509766,0.870890736579895
Costa Rica,CRI,1.1252985000610352,0.4602174162864685,0.4231586754322052,0.49803513288497925,0.5440922379493713,0.7223710417747498
Cuba,CUB,-1.4240325689315796,0.6134140491485596,-0.1725441962480545,-1.4867308139801025,-0.32248908281326294,0.043240487575531006
Cayman Islands,CYM,0.4956725835800171,1.4457004070281982,1.169393539428711,0.9827612638473511,0.7690085768699646,0.4661653935909271
Cyprus,CYP,1.077344536781311,0.5165107846260071,0.9924904108047485,1.012343168258667,0.759899377822876,0.604877233505249
Czech Republic,CZE,0.9368531107902527,0.9520849585533142,0.8856381773948669,1.2451283931732178,1.046504020690918,0.5062277317047119
Germany,DEU,1.335723876953125,0.582865297794342,1.5853087902069092,1.7230501174926758,1.6187732219696045,1.8954731225967407
Djibouti,DJI,-1.406524896621704,-0.34459272027015686,-0.7133426666259766,-0.7717018723487854,-0.9144033789634705,-0.8556599020957947
Dominica,DMA,0.8967020511627197,1.0737793445587158,-0.2612645626068115,0.10190054774284363,0.6863382458686829,0.5262952446937561
Denmark,DNK,1.578778862953186,1.00882089138031,1.9378986358642578,1.5650123357772827,1.8984570503234863,2.107368230819702
Dominican Republic,DOM,0.2019050121307373,0.018905935809016228,-0.35747799277305603,-0.05359239876270294,-0.34769749641418457,-0.7632169723510742
Algeria,DZA,-1.037678837776184,-1.0035754442214966,-0.5161745548248291,-1.303378939628601,-0.8154637813568115,-0.621849775314331
Ecuador,ECU,0.060943637043237686,-0.18901747465133667,-0.39858418703079224,-0.8236187100410461,-0.5773570537567139,-0.49641090631484985
"Egypt, Arab Rep.",EGY,-1.428673267364502,-1.066420555114746,-0.4235376715660095,-0.8277660012245178,-0.42084598541259766,-0.6702130436897278
Eritrea,ERI,-2.193209409713745,-0.7195498943328857,-1.7573686838150024,-2.2749180793762207,-1.5954957008361816,-1.3947665691375732
Spain,ESP,1.0854531526565552,0.32287275791168213,0.99904465675354,1.050189733505249,0.9790521860122681,0.6467961072921753
Estonia,EST,1.2104718685150146,0.6388936638832092,1.1747465133666992,1.591124176979065,1.281257152557373,1.5423293113708496
Ethiopia,ETH,-1.0461251735687256,-1.2795966863632202,-0.6345772743225098,-0.8889709115028381,-0.47347819805145264,-0.4064650535583496
Finland,FIN,1.5889769792556763,0.9090824127197266,1.9293129444122314,1.8510150909423828,2.0221455097198486,2.1530814170837402
Fiji,FJI,0.0941573828458786,0.8723140954971313,0.2040976732969284,-0.2174181044101715,-0.02575884945690632,0.5585566163063049
France,FRA,1.1416594982147217,0.313681036233902,1.384610891342163,1.4402916431427002,1.4120583534240723,1.3009679317474365
"Micronesia, Fed. Sts.",FSM,1.0942646265029907,0.9964123964309692,-0.18708164989948273,-0.9603013396263123,0.024115653708577156,0.7497161626815796
Gabon,GAB,-1.0306549072265625,-0.17820948362350464,-0.8977532386779785,-0.957122266292572,-0.732850968837738,-0.9354914426803589
United Kingdom,GBR,1.2636747360229492,0.5191885828971863,1.435908555984497,1.6258529424667358,1.6009106636047363,1.7748123407363892
Georgia,GEO,0.19604738056659698,-0.4458557963371277,0.8299232721328735,1.1220672130584717,0.30997923016548157,0.6684983968734741
Ghana,GHA,0.5842581987380981,0.09834696352481842,-0.21010401844978333,-0.11104956269264221,0.046889737248420715,-0.07903863489627838
Guinea,GIN,-0.7485374808311462,-0.8306404948234558,-0.7787458300590515,-0.7698209285736084,-1.2090275287628174,-0.9049651026725769
"Gambia, The",GMB,-0.21623168885707855,0.11141347885131836,-0.6306759715080261,-0.6649197936058044,-0.37157607078552246,-0.2852225601673126
Guinea-Bissau,GNB,-0.458707332611084,-0.5626320242881775,-1.5144411325454712,-1.2333345413208008,-1.2640448808670044,-1.4539860486984253
Equatorial Guinea,GNQ,-1.8635632991790771,-0.19092559814453125,-1.3420116901397705,-1.5205161571502686,-1.4223147630691528,-1.7228856086730957
Greece,GRC,0.9357267022132874,0.2909984588623047,0.40559032559394836,0.5298789739608765,0.19883795082569122,-0.011819170787930489
Grenada,GRD,0.7075140476226807,0.9597089886665344,-0.13592876493930817,-0.31319108605384827,0.17586329579353333,0.3397682011127472
Greenland,GRL,1.2941887378692627,1.8968154191970825,0.8137978315353394,1.360824704170227,1.7459888458251953,1.0436985492706299
Guatemala,GTM,-0.31345415115356445,-0.5461909174919128,-0.6768408417701721,-0.22499264776706696,-1.0522887706756592,-0.8984203934669495
French Guiana,GUF,1.2941887378692627,0.27726107835769653,1.387373447418213,1.3140485286712646,1.1659187078475952,0.9192377924919128
Guam,GUM,NA,0.7850212454795837,0.2693614661693573,0.08234032243490219,1.335098385810852,1.2343919277191162
Guyana,GUY,0.28004568815231323,-0.23707984387874603,-0.3860604763031006,-0.6206162571907043,-0.43134814500808716,-0.09189970791339874
"Hong Kong SAR, China",HKG,0.20938056707382202,-0.2677672803401947,1.7410968542099,1.9834076166152954,1.604143500328064,1.6724414825439453
Honduras,HND,-0.5518603324890137,-0.5306973457336426,-0.6117631196975708,-0.49273231625556946,-1.0090796947479248,-0.8084532618522644
Croatia,HRV,0.534780740737915,0.755473792552948,0.4099745452404022,0.591005802154541,0.3661346137523651,0.12554092705249786
Haiti,HTI,-0.7263224124908447,-0.777887761592865,-2.0153884887695312,-1.2606722116470337,-0.9711014032363892,-1.3391826152801514
Hungary,HUN,0.22006353735923767,0.7325270771980286,0.49536508321762085,0.6034866571426392,0.4931344985961914,-0.0010351537493988872
Indonesia,IDN,0.15639418363571167,-0.4812067151069641,0.18274074792861938,-0.09331433475017548,-0.342530220746994,-0.418996125459671
India,IND,0.29398924112319946,-0.7027683854103088,0.17155437171459198,-0.16055570542812347,-0.03075839951634407,-0.23325395584106445
Ireland,IRL,1.3350648880004883,0.9733633399009705,1.2813749313354492,1.6019104719161987,1.394229531288147,1.4580987691879272
"Iran, Islamic Rep.",IRN,-1.3700543642044067,-1.698150634765625,-0.5535024404525757,-1.4231373071670532,-0.749372124671936,-1.0479605197906494
Iraq,IRQ,-0.9454793930053711,-2.564838171005249,-1.3362704515457153,-1.1799684762954712,-1.7224633693695068,-1.3366540670394897
Iceland,ISL,1.3339440822601318,1.655898928642273,1.5182777643203735,1.3729844093322754,1.7669236660003662,1.7079734802246094
Israel,ISR,0.6869863867759705,-0.7785231471061707,1.325652003288269,1.28099524974823,1.0475901365280151,0.8059543967247009
Italy,ITA,0.972270131111145,0.4626992642879486,0.4619360864162445,0.9549630880355835,0.280191034078598,0.23984207212924957
Jamaica,JAM,0.6409133672714233,0.4143163561820984,0.4958207607269287,0.1675489991903305,-0.31257364153862,-0.05655558034777641
Jordan,JOR,-0.6650451421737671,-0.35786232352256775,0.09947026520967484,0.03460937365889549,0.1439574509859085,0.12797953188419342
Japan,JPN,0.9595043659210205,1.0412253141403198,1.586663842201233,1.3269574642181396,1.537964940071106,1.475332260131836
Kazakhstan,KAZ,-1.2128251791000366,-0.08344855904579163,0.1247125044465065,0.13722650706768036,-0.4324132800102234,-0.31998226046562195
Kenya,KEN,-0.29052066802978516,-1.1236639022827148,-0.3832688629627228,-0.27703747153282166,-0.45431771874427795,-0.7772462368011475
Kyrgyz Republic,KGZ,-0.45736587047576904,-0.40978190302848816,-0.681520938873291,-0.34735098481178284,-0.8863014578819275,-0.9454193711280823
Cambodia,KHM,-1.2025713920593262,-0.08089669793844223,-0.5791857242584229,-0.5688344240188599,-0.9356683492660522,-1.302400827407837
Kiribati,KIR,1.1224985122680664,1.2045668363571167,-0.23553551733493805,-0.6217976808547974,0.7377026081085205,0.3710443079471588
St. Kitts and Nevis,KNA,0.8445547223091125,0.728276252746582,0.5425926446914673,0.5020853877067566,0.47979530692100525,0.3850661814212799
"Korea, Rep.",KOR,0.7721228003501892,0.4780881404876709,1.3764177560806274,1.069812536239624,1.194070816040039,0.7567342519760132
Kuwait,KWT,-0.6347894668579102,0.20038090646266937,0.01846727915108204,0.06492389738559723,0.21567395329475403,-0.1327890157699585
Lao PDR,LAO,-1.8016995191574097,0.5250729322433472,-0.7845454216003418,-0.713214635848999,-0.9411007761955261,-1.0582287311553955
Lebanon,LBN,-0.4943316876888275,-1.6387401819229126,-0.8328024744987488,-0.4255921542644501,-0.8582801222801208,-1.1602132320404053
Liberia,LBR,-0.02834293246269226,-0.22901391983032227,-1.3751332759857178,-0.9789447784423828,-0.9952112436294556,-0.8775807023048401
Libya,LBY,-1.4583346843719482,-2.5657525062561035,-1.9221433401107788,-2.346947431564331,-1.848054051399231,-1.603636622428894
St. Lucia,LCA,0.928154706954956,0.9261937737464905,0.22584962844848633,0.23496533930301666,0.569129467010498,0.5247429609298706
Liechtenstein,LIE,1.2593640089035034,1.627746343612671,1.6967663764953613,1.5408135652542114,1.679332971572876,1.9683111906051636
Sri Lanka,LKA,-0.04258374869823456,-0.22812418639659882,-0.11354987323284149,-0.18437041342258453,-0.011983425356447697,-0.319470077753067
Lesotho,LSO,0.029661079868674278,-0.35466569662094116,-0.8322616815567017,-0.5356035828590393,-0.3805970847606659,-0.027304306626319885
Lithuania,LTU,1.0248534679412842,0.8421939611434937,1.043380856513977,1.1573636531829834,1.0228707790374756,0.6759859919548035
Luxembourg,LUX,1.5244420766830444,1.3621183633804321,1.7336456775665283,1.6998822689056396,1.7934256792068481,2.112196207046509
Latvia,LVA,0.8849514722824097,0.4488481283187866,1.1050282716751099,1.192685604095459,1.013924241065979,0.4849397540092468
Kosovo,KSV,-0.1295882761478424,-0.392466276884079,-0.34941285848617554,-0.34727782011032104,-0.393017441034317,-0.5561343431472778
"Macao SAR, China",MAC,-0.3028436005115509,1.250643014907837,1.169393539428711,1.6270740032196045,0.9188038110733032,0.7042210102081299
Morocco,MAR,-0.6268053650856018,-0.3693983554840088,-0.11922524124383926,-0.21152836084365845,-0.13564912974834442,-0.27653631567955017
Monaco,MCO,0.6848723292350769,1.5918735265731812,NA,NA,NA,NA
Moldova,MDA,-0.08993624895811081,-0.3827970623970032,-0.383404940366745,0.009786710143089294,-0.37302857637405396,-0.6186847686767578
Madagascar,MDG,-0.22059810161590576,-0.25254756212234497,-1.142453670501709,-0.7300456166267395,-1.0088132619857788,-1.0093696117401123
Maldives,MDV,-0.4419447183609009,0.013524998910725117,-0.19421827793121338,-0.47961467504501343,-0.41108790040016174,-0.26250743865966797
Mexico,MEX,0.01832827739417553,-0.7145709991455078,-0.15700839459896088,0.10367979109287262,-0.6581035852432251,-0.8210800886154175
Marshall Islands,MHL,1.1366156339645386,0.8625854253768921,-1.4705981016159058,-1.1167935132980347,-0.03309406712651253,-0.04341627657413483
North Macedonia,MKD,-0.0015601958148181438,-0.049200501292943954,-0.002485753735527396,0.5087844729423523,-0.24343633651733398,-0.40946370363235474
Mali,MLI,-0.41409948468208313,-2.1534361839294434,-1.0564441680908203,-0.5731859803199768,-0.8342335820198059,-0.6966434717178345
Malta,MLT,1.110596776008606,1.090186595916748,0.8584199547767639,0.9556453824043274,0.952232301235199,0.23938655853271484
Myanmar,MMR,-0.8377732038497925,-1.2617672681808472,-1.1498692035675049,-0.7603928446769714,-1.0627838373184204,-0.6251955032348633
Mongolia,MNG,0.34896886348724365,0.6434916853904724,-0.19483031332492828,-0.01124198455363512,-0.2662930488586426,-0.44176074862480164
Montenegro,MNE,0.02666332758963108,0.010601907037198544,0.15625758469104767,0.3652314841747284,0.0957447960972786,-0.030126255005598068
Mozambique,MOZ,-0.5082346796989441,-0.7454385757446289,-0.8232895731925964,-0.724764347076416,-1.0201843976974487,-0.8010145425796509
Mauritania,MRT,-0.7802137136459351,-0.5422165989875793,-0.49821245670318604,-0.7593396902084351,-0.5827178955078125,-0.8615845441818237
Martinique,MTQ,NA,0.7850212454795837,1.0890549421310425,1.228176474571228,0.600577175617218,1.2343919277191162
Mauritius,MUS,0.8081410527229309,0.8220398426055908,0.8711398839950562,0.9965204000473022,0.7635766267776489,0.317111998796463
Malawi,MWI,-0.09486646950244904,-0.26725292205810547,-0.7494366765022278,-0.701195478439331,-0.33112335205078125,-0.7811526656150818
Malaysia,MYS,-0.04342946037650108,0.11027669906616211,0.9986856579780579,0.673140823841095,0.5909451842308044,0.24752280116081238
Namibia,NAM,0.5421897768974304,0.5339198112487793,0.09664949029684067,-0.1089082583785057,0.3099801242351532,0.372481107711792
Niger,NER,-0.5653688907623291,-1.4030383825302124,-0.8010616898536682,-0.6687044501304626,-0.5329312086105347,-0.5541662573814392
Nigeria,NGA,-0.4129960238933563,-1.934673547744751,-1.0886335372924805,-0.8609851598739624,-0.897982120513916,-1.0949479341506958
Nicaragua,NIC,-1.0770896673202515,-1.034827709197998,-0.7708743810653687,-0.6890581250190735,-1.175689935684204,-1.121843695640564
Niue,NIU,NA,NA,NA,NA,NA,NA
Netherlands,NLD,1.564838171005249,0.8572519421577454,1.7980079650878906,1.8610787391662598,1.808467149734497,1.9997575283050537
Norway,NOR,1.6869549751281738,1.1861281394958496,1.8622915744781494,1.804054617881775,1.9849152565002441,2.0734682083129883
Nepal,NPL,-0.13064293563365936,-0.46563026309013367,-1.045199990272522,-0.7013751268386841,-0.535534143447876,-0.6740938425064087
Nauru,NRU,0.6284044981002808,0.8625854253768921,-0.12948043644428253,-0.03319363296031952,-0.7636907696723938,-0.44930270314216614
New Zealand,NZL,1.5690345764160156,1.5076649188995361,1.6709036827087402,1.880906581878662,1.8847389221191406,2.1700706481933594
Oman,OMN,-1.1362813711166382,0.5934847593307495,0.259309321641922,0.29245713353157043,0.5544039011001587,0.45212891697883606
Pakistan,PAK,-0.8433507680892944,-2.246335744857788,-0.6770046949386597,-0.6444789171218872,-0.6675786972045898,-0.8467406630516052
Panama,PAN,0.6217132806777954,0.30680492520332336,0.06554018706083298,0.36189696192741394,-0.11903498321771622,-0.5799239873886108
Palau,PLW,1.0942646265029907,0.8625854253768921,-0.04542214423418045,-0.007540999446064234,0.31445762515068054,-0.44930270314216614
Peru,PER,0.28628385066986084,-0.1417345404624939,-0.06754565984010696,0.5639061331748962,-0.48720264434814453,-0.44769078493118286
Philippines,PHL,0.030184244737029076,-0.884965717792511,0.05296817049384117,0.009308159351348877,-0.4773007035255432,-0.5733455419540405
Papua New Guinea,PNG,0.07404211163520813,-0.8261072039604187,-0.8086790442466736,-0.5425463914871216,-0.8009730577468872,-0.99163818359375
Poland,POL,0.6982618570327759,0.521514892578125,0.6016291975975037,1.0141236782073975,0.4520929753780365,0.602715015411377
Puerto Rico,PRI,0.4956725835800171,0.12338312715291977,-0.16427363455295563,0.7319591045379639,0.5873398184776306,0.013092992827296257
"Korea, Dem. Rep.",PRK,-2.194688320159912,-0.3049033582210541,-1.396788239479065,-2.3967936038970947,-1.6514610052108765,-1.5893584489822388
Portugal,PRT,1.2387827634811401,1.1282484531402588,1.1540054082870483,0.969747006893158,1.1356768608093262,0.763995349407196
Paraguay,PRY,0.08214247971773148,-0.001913156476803124,-0.533756673336029,-0.2034580111503601,-0.556403398513794,-0.8293102383613586
Qatar,QAT,-1.2906183004379272,0.7046954035758972,0.7052067518234253,0.6793299317359924,0.7343184351921082,0.8489959239959717
Réunion,REU,NA,0.2504129707813263,1.0890549421310425,1.228176474571228,0.8454175591468811,0.6249011754989624
Romania,ROM,0.48513972759246826,0.5255054235458374,-0.28124380111694336,0.4620535969734192,0.36400461196899414,-0.1282404661178589
Russian Federation,RUS,-1.1000820398330688,-0.5423039793968201,0.15036487579345703,-0.4316224455833435,-0.723688542842865,-0.8318731784820557
Rwanda,RWA,-1.079367995262146,0.11567217856645584,0.18502268195152283,0.07738430052995682,0.07618818432092667,0.5643460154533386
Samoa,WSM,0.7477008700370789,1.1205109357833862,0.4364130198955536,-0.22384203970432281,1.0770641565322876,0.6406355500221252
Saudi Arabia,SAU,-1.6169171333312988,-0.4279959797859192,0.3064448833465576,-0.06819485127925873,0.16855593025684357,0.2746393382549286
Sudan,SDN,-1.6359678506851196,-1.6736141443252563,-1.621904730796814,-1.6738343238830566,-1.140473484992981,-1.3669849634170532
Senegal,SEN,0.2603853940963745,0.05736391618847847,-0.05736938491463661,-0.1122397631406784,-0.1907603144645691,0.0484844334423542
Singapore,SGP,-0.18336543440818787,1.5316022634506226,2.221086025238037,2.161376714706421,1.878558874130249,2.1594765186309814
Solomon Islands,SLB,0.5980532765388489,0.5017839670181274,-0.9972015619277954,-0.8322485685348511,-0.13986755907535553,-0.00740398932248354
Sierra Leone,SLE,-0.09636695683002472,-0.098183274269104,-1.126595139503479,-0.8819936513900757,-0.7663630843162537,-0.41136106848716736
El Salvador,SLV,0.13837362825870514,-0.12745198607444763,-0.4654403030872345,0.02163848653435707,-0.7624596357345581,-0.5525648593902588
San Marino,SMR,1.19308340549469,0.899695873260498,NA,NA,NA,NA
Somalia,SOM,-1.8352736234664917,-2.3832266330718994,-2.2371490001678467,-2.203132152557373,-2.350358247756958,-1.7099632024765015
São Tomé and Principe,STP,0.3727668821811676,0.5156372785568237,-0.6269139647483826,-0.9070695042610168,-0.6797023415565491,0.22584551572799683
Suriname,SUR,0.38978254795074463,0.1134033054113388,-0.590061366558075,-0.6795514225959778,-0.05965122580528259,-0.39323732256889343
Slovak Republic,SVK,0.9109987020492554,0.7827881574630737,0.6739016771316528,1.0067802667617798,0.5567356944084167,0.327202707529068
Slovenia,SVN,1.0074244737625122,0.8167541027069092,1.081404447555542,1.00883948802948,1.1184208393096924,0.9058986902236938
Sweden,SWE,1.5922601222991943,1.0517905950546265,1.8299006223678589,1.8016748428344727,1.90652596950531,2.1184780597686768
Swaziland,SWZ,-1.3212302923202515,-0.37859588861465454,-0.6783169507980347,-0.6122773885726929,-0.5018827319145203,-0.4876726269721985
Seychelles,SYC,0.33566996455192566,0.6894370317459106,0.5179413557052612,-0.1530526727437973,0.17143608629703522,0.9692126512527466
Syrian Arab Republic,SYR,-1.9798752069473267,-2.727996349334717,-1.711279273033142,-1.7579034566879272,-2.076063394546509,-1.688552737236023
Chad,TCD,-1.4177297353744507,-1.3400243520736694,-1.5684038400650024,-1.1192482709884644,-1.2833583354949951,-1.4205666780471802
Togo,TGO,-0.7209277153015137,-0.8053930401802063,-0.9173346757888794,-0.6789817214012146,-0.5887966752052307,-0.7497167587280273
Thailand,THA,-0.8272712826728821,-0.5375580787658691,0.3570563495159149,0.11610496789216995,0.10288157314062119,-0.4073984920978546
Tajikistan,TJK,-1.8295934200286865,-0.5751481056213379,-1.049005389213562,-1.0110654830932617,-1.2279412746429443,-1.3211725950241089
Turkmenistan,TKM,-2.1314690113067627,-0.09364098310470581,-1.1562397480010986,-1.9576020240783691,-1.414784550666809,-1.5119054317474365
Timor-Leste,TMP,0.38276639580726624,0.23987026512622833,-0.884692370891571,-0.7843469977378845,-1.1110148429870605,-0.38298270106315613
Tonga,TON,0.5559594631195068,1.1205109357833862,0.1627243310213089,-0.32663923501968384,0.45866918563842773,-0.34568023681640625
Trinidad and Tobago,TTO,0.624919056892395,0.05524015054106712,0.10015146434307098,-0.15098600089550018,-0.1202659085392952,-0.19135574996471405
Tunisia,TUN,0.28140565752983093,-0.8325363397598267,-0.10227388888597488,-0.4372052252292633,0.06221868842840195,-0.07705046981573105
Turkey,TUR,-0.8147029876708984,-1.3428292274475098,0.048385970294475555,-0.007316892966628075,-0.28296324610710144,-0.2909700572490692
Tuvalu,TUV,1.1224985122680664,1.2045668363571167,-0.6466321349143982,-0.5554741024971008,0.4812893271446228,0.40907853841781616
"Taiwan, China",TWN,0.995908260345459,0.7195976972579956,1.436753511428833,1.4027597904205322,1.1411211490631104,1.045265555381775
Tanzania,TZA,-0.5037909746170044,-0.36204707622528076,-0.8790504336357117,-0.6409062147140503,-0.5779313445091248,-0.39087092876434326
Uganda,UGA,-0.6238396167755127,-0.6457884311676025,-0.5852001309394836,-0.37422439455986023,-0.3146112263202667,-1.1656256914138794
Ukraine,UKR,0.055237796157598495,-1.5238696336746216,-0.29658252000808716,-0.2586700916290283,-0.6983514428138733,-0.7095971703529358
Uruguay,URY,1.2569401264190674,1.045502781867981,0.6957387924194336,0.5094084143638611,0.6212631464004517,1.2465108633041382
United States,USA,0.9652480483055115,0.29798582196235657,1.4891815185546875,1.3453584909439087,1.4610936641693115,1.2153260707855225
Uzbekistan,UZB,-1.6055108308792114,-0.27243340015411377,-0.5146490335464478,-0.993292510509491,-1.0481816530227661,-1.053790807723999
St. Vincent and the Grenadines,VCT,0.927590548992157,0.9597089886665344,0.22584962844848633,0.21223247051239014,0.44635623693466187,0.7815564870834351
"Venezuela, RB",VEN,-1.4094308614730835,-1.4454848766326904,-1.6583069562911987,-2.3591158390045166,-2.3200535774230957,-1.5098400115966797
Virgin Islands (U.S.),VIR,NA,1.0772281885147095,0.8158238530158997,1.228176474571228,1.090258002281189,0.6249011754989624
Vietnam,VNM,-1.380526065826416,0.1318749189376831,0.039076801389455795,-0.2623482942581177,-0.016898753121495247,-0.5138410925865173
Vanuatu,VUT,0.663360595703125,1.0262949466705322,-0.5464751124382019,-0.4600435793399811,0.1778533160686493,-0.2588750422000885
West Bank and Gaza,WBG,-1.0081884860992432,-1.9420775175094604,-0.7440845966339111,0.03381555527448654,-0.48548009991645813,-0.25957411527633667
"Jersey, Channel Islands",JEY,1.2941887378692627,1.296689510345459,1.2375051975250244,0.9227423071861267,1.7459888458251953,1.0436985492706299
"Yemen, Rep.",YEM,-1.7660067081451416,-2.768294334411621,-2.27942156791687,-1.66392982006073,-1.7733464241027832,-1.6814608573913574
Serbia,SRB,0.02662612684071064,-0.0916651114821434,0.019078735262155533,0.11386710405349731,-0.11906975507736206,-0.44555148482322693
South Africa,ZAF,0.6703882217407227,-0.2179308533668518,0.3673802316188812,0.15617172420024872,-0.07640767842531204,0.08492385596036911
"Congo, Dem. Rep.",ZAR,-1.365965723991394,-1.8080073595046997,-1.6274285316467285,-1.5096668004989624,-1.7860875129699707,-1.5389313697814941
Zambia,ZMB,-0.28619879484176636,-0.10221624374389648,-0.6752145290374756,-0.5542691349983215,-0.4620692729949951,-0.6403450965881348
Zimbabwe,ZWE,-1.1418747901916504,-0.9201785326004028,-1.2053371667861938,-1.463199496269226,-1.2570089101791382,-1.238795518875122
