"film_id";"category_id";"last_update"
1;6;"2017-09-22 10:28:53"
2;11;"2017-09-22 10:28:53"
3;6;"2017-09-22 10:28:53"
4;11;"2017-09-22 10:28:53"
5;8;"2017-09-22 10:28:53"
6;9;"2017-09-22 10:28:53"
7;5;"2017-09-22 10:28:53"
8;11;"2017-09-22 10:28:53"
9;11;"2017-09-22 10:28:53"
10;15;"2017-09-22 10:28:53"
11;9;"2017-09-22 10:28:53"
12;12;"2017-09-22 10:28:53"
13;11;"2017-09-22 10:28:53"
14;4;"2017-09-22 10:28:53"
15;9;"2017-09-22 10:28:53"
16;9;"2017-09-22 10:28:53"
17;12;"2017-09-22 10:28:53"
18;2;"2017-09-22 10:28:53"
19;1;"2017-09-22 10:28:53"
20;12;"2017-09-22 10:28:53"
21;1;"2017-09-22 10:28:53"
22;13;"2017-09-22 10:28:53"
23;2;"2017-09-22 10:28:53"
24;11;"2017-09-22 10:28:53"
25;13;"2017-09-22 10:28:53"
26;14;"2017-09-22 10:28:53"
27;15;"2017-09-22 10:28:53"
28;5;"2017-09-22 10:28:53"
29;1;"2017-09-22 10:28:53"
30;11;"2017-09-22 10:28:53"
31;8;"2017-09-22 10:28:53"
32;13;"2017-09-22 10:28:53"
33;7;"2017-09-22 10:28:53"
34;11;"2017-09-22 10:28:53"
35;11;"2017-09-22 10:28:53"
36;2;"2017-09-22 10:28:53"
37;4;"2017-09-22 10:28:53"
38;1;"2017-09-22 10:28:53"
39;14;"2017-09-22 10:28:53"
40;6;"2017-09-22 10:28:53"
41;16;"2017-09-22 10:28:53"
42;15;"2017-09-22 10:28:53"
43;8;"2017-09-22 10:28:53"
44;14;"2017-09-22 10:28:53"
45;13;"2017-09-22 10:28:53"
46;10;"2017-09-22 10:28:53"
47;9;"2017-09-22 10:28:53"
48;3;"2017-09-22 10:28:53"
49;14;"2017-09-22 10:28:53"
50;8;"2017-09-22 10:28:53"
51;12;"2017-09-22 10:28:53"
52;9;"2017-09-22 10:28:53"
53;8;"2017-09-22 10:28:53"
54;12;"2017-09-22 10:28:53"
55;14;"2017-09-22 10:28:53"
56;1;"2017-09-22 10:28:53"
57;16;"2017-09-22 10:28:53"
58;6;"2017-09-22 10:28:53"
59;3;"2017-09-22 10:28:53"
60;4;"2017-09-22 10:28:53"
61;7;"2017-09-22 10:28:53"
62;6;"2017-09-22 10:28:53"
63;8;"2017-09-22 10:28:53"
64;7;"2017-09-22 10:28:53"
65;11;"2017-09-22 10:28:53"
66;3;"2017-09-22 10:28:53"
67;1;"2017-09-22 10:28:53"
68;3;"2017-09-22 10:28:53"
69;14;"2017-09-22 10:28:53"
70;2;"2017-09-22 10:28:53"
71;8;"2017-09-22 10:28:53"
72;6;"2017-09-22 10:28:53"
73;14;"2017-09-22 10:28:53"
74;12;"2017-09-22 10:28:53"
75;16;"2017-09-22 10:28:53"
76;12;"2017-09-22 10:28:53"
77;13;"2017-09-22 10:28:53"
78;2;"2017-09-22 10:28:53"
79;7;"2017-09-22 10:28:53"
80;8;"2017-09-22 10:28:53"
81;14;"2017-09-22 10:28:53"
82;8;"2017-09-22 10:28:53"
83;8;"2017-09-22 10:28:53"
84;16;"2017-09-22 10:28:53"
85;6;"2017-09-22 10:28:53"
86;12;"2017-09-22 10:28:53"
87;16;"2017-09-22 10:28:53"
88;16;"2017-09-22 10:28:53"
89;2;"2017-09-22 10:28:53"
90;13;"2017-09-22 10:28:53"
91;4;"2017-09-22 10:28:53"
92;11;"2017-09-22 10:28:53"
93;13;"2017-09-22 10:28:53"
94;8;"2017-09-22 10:28:53"
95;13;"2017-09-22 10:28:53"
96;13;"2017-09-22 10:28:53"
97;1;"2017-09-22 10:28:53"
98;7;"2017-09-22 10:28:53"
99;5;"2017-09-22 10:28:53"
100;9;"2017-09-22 10:28:53"
101;6;"2017-09-22 10:28:53"
102;15;"2017-09-22 10:28:53"
103;16;"2017-09-22 10:28:53"
104;9;"2017-09-22 10:28:53"
105;1;"2017-09-22 10:28:53"
106;10;"2017-09-22 10:28:53"
107;7;"2017-09-22 10:28:53"
108;13;"2017-09-22 10:28:53"
109;13;"2017-09-22 10:28:53"
110;3;"2017-09-22 10:28:53"
111;1;"2017-09-22 10:28:53"
112;9;"2017-09-22 10:28:53"
113;15;"2017-09-22 10:28:53"
114;14;"2017-09-22 10:28:53"
115;1;"2017-09-22 10:28:53"
116;4;"2017-09-22 10:28:53"
117;10;"2017-09-22 10:28:53"
118;2;"2017-09-22 10:28:53"
119;5;"2017-09-22 10:28:53"
120;15;"2017-09-22 10:28:53"
121;2;"2017-09-22 10:28:53"
122;11;"2017-09-22 10:28:53"
123;16;"2017-09-22 10:28:53"
124;3;"2017-09-22 10:28:53"
125;16;"2017-09-22 10:28:53"
126;1;"2017-09-22 10:28:53"
127;5;"2017-09-22 10:28:53"
128;9;"2017-09-22 10:28:53"
129;6;"2017-09-22 10:28:53"
130;1;"2017-09-22 10:28:53"
131;4;"2017-09-22 10:28:53"
132;14;"2017-09-22 10:28:53"
133;12;"2017-09-22 10:28:53"
134;2;"2017-09-22 10:28:53"
135;15;"2017-09-22 10:28:53"
136;13;"2017-09-22 10:28:53"
137;14;"2017-09-22 10:28:53"
138;14;"2017-09-22 10:28:53"
139;8;"2017-09-22 10:28:53"
140;14;"2017-09-22 10:28:53"
141;10;"2017-09-22 10:28:53"
142;6;"2017-09-22 10:28:53"
143;7;"2017-09-22 10:28:53"
144;13;"2017-09-22 10:28:53"
145;8;"2017-09-22 10:28:53"
146;7;"2017-09-22 10:28:53"
147;8;"2017-09-22 10:28:53"
148;9;"2017-09-22 10:28:53"
149;3;"2017-09-22 10:28:53"
150;6;"2017-09-22 10:28:53"
151;14;"2017-09-22 10:28:53"
152;3;"2017-09-22 10:28:53"
153;14;"2017-09-22 10:28:53"
154;2;"2017-09-22 10:28:53"
155;13;"2017-09-22 10:28:53"
156;6;"2017-09-22 10:28:53"
157;3;"2017-09-22 10:28:53"
158;12;"2017-09-22 10:28:53"
159;5;"2017-09-22 10:28:53"
160;2;"2017-09-22 10:28:53"
161;12;"2017-09-22 10:28:53"
162;1;"2017-09-22 10:28:53"
163;13;"2017-09-22 10:28:53"
164;6;"2017-09-22 10:28:53"
165;14;"2017-09-22 10:28:53"
166;4;"2017-09-22 10:28:53"
167;16;"2017-09-22 10:28:53"
168;3;"2017-09-22 10:28:53"
169;16;"2017-09-22 10:28:53"
170;9;"2017-09-22 10:28:53"
171;11;"2017-09-22 10:28:53"
172;7;"2017-09-22 10:28:53"
173;7;"2017-09-22 10:28:53"
174;12;"2017-09-22 10:28:53"
175;8;"2017-09-22 10:28:53"
176;15;"2017-09-22 10:28:53"
177;14;"2017-09-22 10:28:53"
178;5;"2017-09-22 10:28:53"
179;7;"2017-09-22 10:28:53"
180;4;"2017-09-22 10:28:53"
181;16;"2017-09-22 10:28:53"
182;5;"2017-09-22 10:28:53"
183;8;"2017-09-22 10:28:53"
184;4;"2017-09-22 10:28:53"
185;9;"2017-09-22 10:28:53"
186;7;"2017-09-22 10:28:53"
187;15;"2017-09-22 10:28:53"
188;5;"2017-09-22 10:28:53"
189;10;"2017-09-22 10:28:53"
190;4;"2017-09-22 10:28:53"
191;3;"2017-09-22 10:28:53"
192;9;"2017-09-22 10:28:53"
193;2;"2017-09-22 10:28:53"
194;1;"2017-09-22 10:28:53"
195;14;"2017-09-22 10:28:53"
196;4;"2017-09-22 10:28:53"
197;15;"2017-09-22 10:28:53"
198;9;"2017-09-22 10:28:53"
199;6;"2017-09-22 10:28:53"
200;10;"2017-09-22 10:28:53"
201;9;"2017-09-22 10:28:53"
202;5;"2017-09-22 10:28:53"
203;14;"2017-09-22 10:28:53"
204;7;"2017-09-22 10:28:53"
205;1;"2017-09-22 10:28:53"
206;6;"2017-09-22 10:28:53"
207;9;"2017-09-22 10:28:53"
208;2;"2017-09-22 10:28:53"
209;7;"2017-09-22 10:28:53"
210;1;"2017-09-22 10:28:53"
211;10;"2017-09-22 10:28:53"
212;1;"2017-09-22 10:28:53"
213;8;"2017-09-22 10:28:53"
214;3;"2017-09-22 10:28:53"
215;10;"2017-09-22 10:28:53"
216;13;"2017-09-22 10:28:53"
217;10;"2017-09-22 10:28:53"
218;7;"2017-09-22 10:28:53"
219;6;"2017-09-22 10:28:53"
220;12;"2017-09-22 10:28:53"
221;6;"2017-09-22 10:28:53"
222;11;"2017-09-22 10:28:53"
223;2;"2017-09-22 10:28:53"
224;16;"2017-09-22 10:28:53"
225;7;"2017-09-22 10:28:53"
226;13;"2017-09-22 10:28:53"
227;10;"2017-09-22 10:28:53"
228;4;"2017-09-22 10:28:53"
229;1;"2017-09-22 10:28:53"
230;7;"2017-09-22 10:28:53"
231;8;"2017-09-22 10:28:53"
232;10;"2017-09-22 10:28:53"
233;16;"2017-09-22 10:28:53"
234;14;"2017-09-22 10:28:53"
235;14;"2017-09-22 10:28:53"
236;10;"2017-09-22 10:28:53"
237;15;"2017-09-22 10:28:53"
238;3;"2017-09-22 10:28:53"
239;2;"2017-09-22 10:28:53"
240;14;"2017-09-22 10:28:53"
241;2;"2017-09-22 10:28:53"
242;5;"2017-09-22 10:28:53"
243;2;"2017-09-22 10:28:53"
244;12;"2017-09-22 10:28:53"
245;2;"2017-09-22 10:28:53"
246;9;"2017-09-22 10:28:53"
247;5;"2017-09-22 10:28:53"
248;6;"2017-09-22 10:28:53"
249;4;"2017-09-22 10:28:53"
250;1;"2017-09-22 10:28:53"
251;13;"2017-09-22 10:28:53"
252;1;"2017-09-22 10:28:53"
253;1;"2017-09-22 10:28:53"
254;15;"2017-09-22 10:28:53"
255;12;"2017-09-22 10:28:53"
256;15;"2017-09-22 10:28:53"
257;16;"2017-09-22 10:28:53"
258;11;"2017-09-22 10:28:53"
259;2;"2017-09-22 10:28:53"
260;15;"2017-09-22 10:28:53"
261;6;"2017-09-22 10:28:53"
262;8;"2017-09-22 10:28:53"
263;15;"2017-09-22 10:28:53"
264;10;"2017-09-22 10:28:53"
265;5;"2017-09-22 10:28:53"
266;4;"2017-09-22 10:28:53"
267;13;"2017-09-22 10:28:53"
268;2;"2017-09-22 10:28:53"
269;8;"2017-09-22 10:28:53"
270;13;"2017-09-22 10:28:53"
271;1;"2017-09-22 10:28:53"
272;7;"2017-09-22 10:28:53"
273;8;"2017-09-22 10:28:53"
274;6;"2017-09-22 10:28:53"
275;11;"2017-09-22 10:28:53"
276;5;"2017-09-22 10:28:53"
277;11;"2017-09-22 10:28:53"
278;12;"2017-09-22 10:28:53"
279;15;"2017-09-22 10:28:53"
280;3;"2017-09-22 10:28:53"
281;10;"2017-09-22 10:28:53"
282;7;"2017-09-22 10:28:53"
283;13;"2017-09-22 10:28:53"
284;12;"2017-09-22 10:28:53"
285;14;"2017-09-22 10:28:53"
286;16;"2017-09-22 10:28:53"
287;1;"2017-09-22 10:28:53"
288;16;"2017-09-22 10:28:53"
289;13;"2017-09-22 10:28:53"
290;9;"2017-09-22 10:28:53"
291;15;"2017-09-22 10:28:53"
292;1;"2017-09-22 10:28:53"
293;15;"2017-09-22 10:28:53"
294;16;"2017-09-22 10:28:53"
295;6;"2017-09-22 10:28:53"
296;14;"2017-09-22 10:28:53"
297;4;"2017-09-22 10:28:53"
298;14;"2017-09-22 10:28:53"
299;16;"2017-09-22 10:28:53"
300;2;"2017-09-22 10:28:53"
301;11;"2017-09-22 10:28:53"
302;10;"2017-09-22 10:28:53"
303;1;"2017-09-22 10:28:53"
304;3;"2017-09-22 10:28:53"
305;13;"2017-09-22 10:28:53"
306;10;"2017-09-22 10:28:53"
307;16;"2017-09-22 10:28:53"
308;5;"2017-09-22 10:28:53"
309;8;"2017-09-22 10:28:53"
310;10;"2017-09-22 10:28:53"
311;9;"2017-09-22 10:28:53"
312;14;"2017-09-22 10:28:53"
313;11;"2017-09-22 10:28:53"
314;2;"2017-09-22 10:28:53"
315;8;"2017-09-22 10:28:53"
316;10;"2017-09-22 10:28:53"
317;5;"2017-09-22 10:28:53"
318;1;"2017-09-22 10:28:53"
319;14;"2017-09-22 10:28:53"
320;13;"2017-09-22 10:28:53"
321;13;"2017-09-22 10:28:53"
322;15;"2017-09-22 10:28:53"
323;15;"2017-09-22 10:28:53"
324;5;"2017-09-22 10:28:53"
325;2;"2017-09-22 10:28:53"
326;2;"2017-09-22 10:28:53"
327;1;"2017-09-22 10:28:53"
328;3;"2017-09-22 10:28:53"
329;1;"2017-09-22 10:28:53"
330;2;"2017-09-22 10:28:53"
331;10;"2017-09-22 10:28:53"
332;5;"2017-09-22 10:28:53"
333;12;"2017-09-22 10:28:53"
334;11;"2017-09-22 10:28:53"
335;5;"2017-09-22 10:28:53"
336;6;"2017-09-22 10:28:53"
337;9;"2017-09-22 10:28:53"
338;14;"2017-09-22 10:28:53"
339;16;"2017-09-22 10:28:53"
340;13;"2017-09-22 10:28:53"
341;4;"2017-09-22 10:28:53"
342;16;"2017-09-22 10:28:53"
343;3;"2017-09-22 10:28:53"
344;3;"2017-09-22 10:28:53"
345;8;"2017-09-22 10:28:53"
346;4;"2017-09-22 10:28:53"
347;16;"2017-09-22 10:28:53"
348;8;"2017-09-22 10:28:53"
349;2;"2017-09-22 10:28:53"
350;14;"2017-09-22 10:28:53"
351;11;"2017-09-22 10:28:53"
352;10;"2017-09-22 10:28:53"
353;9;"2017-09-22 10:28:53"
354;3;"2017-09-22 10:28:53"
355;2;"2017-09-22 10:28:53"
356;3;"2017-09-22 10:28:53"
357;4;"2017-09-22 10:28:53"
358;4;"2017-09-22 10:28:53"
359;8;"2017-09-22 10:28:53"
360;1;"2017-09-22 10:28:53"
361;15;"2017-09-22 10:28:53"
362;10;"2017-09-22 10:28:53"
363;12;"2017-09-22 10:28:53"
364;13;"2017-09-22 10:28:53"
365;5;"2017-09-22 10:28:53"
366;7;"2017-09-22 10:28:53"
367;14;"2017-09-22 10:28:53"
368;7;"2017-09-22 10:28:53"
369;14;"2017-09-22 10:28:53"
370;3;"2017-09-22 10:28:53"
371;1;"2017-09-22 10:28:53"
372;15;"2017-09-22 10:28:53"
373;3;"2017-09-22 10:28:53"
374;14;"2017-09-22 10:28:53"
375;1;"2017-09-22 10:28:53"
376;9;"2017-09-22 10:28:53"
377;8;"2017-09-22 10:28:53"
378;12;"2017-09-22 10:28:53"
379;7;"2017-09-22 10:28:53"
380;9;"2017-09-22 10:28:53"
381;10;"2017-09-22 10:28:53"
382;10;"2017-09-22 10:28:53"
383;15;"2017-09-22 10:28:53"
384;12;"2017-09-22 10:28:53"
385;5;"2017-09-22 10:28:53"
386;16;"2017-09-22 10:28:53"
387;10;"2017-09-22 10:28:53"
388;5;"2017-09-22 10:28:53"
389;15;"2017-09-22 10:28:53"
390;14;"2017-09-22 10:28:53"
391;8;"2017-09-22 10:28:53"
392;3;"2017-09-22 10:28:53"
393;6;"2017-09-22 10:28:53"
394;14;"2017-09-22 10:28:53"
395;1;"2017-09-22 10:28:53"
396;7;"2017-09-22 10:28:53"
397;14;"2017-09-22 10:28:53"
398;12;"2017-09-22 10:28:53"
399;9;"2017-09-22 10:28:53"
400;6;"2017-09-22 10:28:53"
401;7;"2017-09-22 10:28:53"
402;2;"2017-09-22 10:28:53"
403;7;"2017-09-22 10:28:53"
404;5;"2017-09-22 10:28:53"
405;16;"2017-09-22 10:28:53"
406;10;"2017-09-22 10:28:53"
407;6;"2017-09-22 10:28:53"
408;10;"2017-09-22 10:28:53"
409;3;"2017-09-22 10:28:53"
410;5;"2017-09-22 10:28:53"
411;12;"2017-09-22 10:28:53"
412;6;"2017-09-22 10:28:53"
413;5;"2017-09-22 10:28:53"
414;9;"2017-09-22 10:28:53"
415;11;"2017-09-22 10:28:53"
416;9;"2017-09-22 10:28:53"
417;1;"2017-09-22 10:28:53"
418;7;"2017-09-22 10:28:53"
419;8;"2017-09-22 10:28:53"
420;15;"2017-09-22 10:28:53"
421;9;"2017-09-22 10:28:53"
422;14;"2017-09-22 10:28:53"
423;3;"2017-09-22 10:28:53"
424;3;"2017-09-22 10:28:53"
425;4;"2017-09-22 10:28:53"
426;12;"2017-09-22 10:28:53"
427;6;"2017-09-22 10:28:53"
428;8;"2017-09-22 10:28:53"
429;15;"2017-09-22 10:28:53"
430;2;"2017-09-22 10:28:53"
431;9;"2017-09-22 10:28:53"
432;4;"2017-09-22 10:28:53"
433;2;"2017-09-22 10:28:53"
434;16;"2017-09-22 10:28:53"
435;9;"2017-09-22 10:28:53"
436;13;"2017-09-22 10:28:53"
437;8;"2017-09-22 10:28:53"
438;10;"2017-09-22 10:28:53"
439;7;"2017-09-22 10:28:53"
440;9;"2017-09-22 10:28:53"
441;6;"2017-09-22 10:28:53"
442;8;"2017-09-22 10:28:53"
443;5;"2017-09-22 10:28:53"
444;5;"2017-09-22 10:28:53"
445;4;"2017-09-22 10:28:53"
446;15;"2017-09-22 10:28:53"
447;10;"2017-09-22 10:28:53"
448;13;"2017-09-22 10:28:53"
449;14;"2017-09-22 10:28:53"
450;3;"2017-09-22 10:28:53"
451;16;"2017-09-22 10:28:53"
452;9;"2017-09-22 10:28:53"
453;15;"2017-09-22 10:28:53"
454;12;"2017-09-22 10:28:53"
455;9;"2017-09-22 10:28:53"
456;2;"2017-09-22 10:28:53"
457;6;"2017-09-22 10:28:53"
458;8;"2017-09-22 10:28:53"
459;9;"2017-09-22 10:28:53"
460;9;"2017-09-22 10:28:53"
461;2;"2017-09-22 10:28:53"
462;12;"2017-09-22 10:28:53"
463;15;"2017-09-22 10:28:53"
464;2;"2017-09-22 10:28:53"
465;13;"2017-09-22 10:28:53"
466;6;"2017-09-22 10:28:53"
467;9;"2017-09-22 10:28:53"
468;3;"2017-09-22 10:28:53"
469;4;"2017-09-22 10:28:53"
470;2;"2017-09-22 10:28:53"
471;4;"2017-09-22 10:28:53"
472;16;"2017-09-22 10:28:53"
473;7;"2017-09-22 10:28:53"
474;15;"2017-09-22 10:28:53"
475;11;"2017-09-22 10:28:53"
476;8;"2017-09-22 10:28:53"
477;12;"2017-09-22 10:28:53"
478;5;"2017-09-22 10:28:53"
479;8;"2017-09-22 10:28:53"
480;4;"2017-09-22 10:28:53"
481;13;"2017-09-22 10:28:53"
482;4;"2017-09-22 10:28:53"
483;10;"2017-09-22 10:28:53"
484;4;"2017-09-22 10:28:53"
485;3;"2017-09-22 10:28:53"
486;9;"2017-09-22 10:28:53"
487;4;"2017-09-22 10:28:53"
488;15;"2017-09-22 10:28:53"
489;2;"2017-09-22 10:28:53"
490;13;"2017-09-22 10:28:53"
491;3;"2017-09-22 10:28:53"
492;13;"2017-09-22 10:28:53"
493;9;"2017-09-22 10:28:53"
494;11;"2017-09-22 10:28:53"
495;11;"2017-09-22 10:28:53"
496;16;"2017-09-22 10:28:53"
497;6;"2017-09-22 10:28:53"
498;8;"2017-09-22 10:28:53"
499;8;"2017-09-22 10:28:53"
500;9;"2017-09-22 10:28:53"
501;1;"2017-09-22 10:28:53"
502;5;"2017-09-22 10:28:53"
503;15;"2017-09-22 10:28:53"
504;7;"2017-09-22 10:28:53"
505;3;"2017-09-22 10:28:53"
506;11;"2017-09-22 10:28:53"
507;10;"2017-09-22 10:28:53"
508;10;"2017-09-22 10:28:53"
509;3;"2017-09-22 10:28:53"
510;2;"2017-09-22 10:28:53"
511;1;"2017-09-22 10:28:53"
512;4;"2017-09-22 10:28:53"
513;16;"2017-09-22 10:28:53"
514;7;"2017-09-22 10:28:53"
515;3;"2017-09-22 10:28:53"
516;12;"2017-09-22 10:28:53"
517;15;"2017-09-22 10:28:53"
518;16;"2017-09-22 10:28:53"
519;15;"2017-09-22 10:28:53"
520;14;"2017-09-22 10:28:53"
521;7;"2017-09-22 10:28:53"
522;5;"2017-09-22 10:28:53"
523;4;"2017-09-22 10:28:53"
524;5;"2017-09-22 10:28:53"
525;4;"2017-09-22 10:28:53"
526;16;"2017-09-22 10:28:53"
527;11;"2017-09-22 10:28:53"
528;8;"2017-09-22 10:28:53"
529;5;"2017-09-22 10:28:53"
530;1;"2017-09-22 10:28:53"
531;9;"2017-09-22 10:28:53"
532;15;"2017-09-22 10:28:53"
533;9;"2017-09-22 10:28:53"
534;8;"2017-09-22 10:28:53"
535;11;"2017-09-22 10:28:53"
536;4;"2017-09-22 10:28:53"
537;4;"2017-09-22 10:28:53"
538;13;"2017-09-22 10:28:53"
539;7;"2017-09-22 10:28:53"
540;12;"2017-09-22 10:28:53"
541;2;"2017-09-22 10:28:53"
542;1;"2017-09-22 10:28:53"
543;16;"2017-09-22 10:28:53"
544;6;"2017-09-22 10:28:53"
545;9;"2017-09-22 10:28:53"
546;10;"2017-09-22 10:28:53"
547;3;"2017-09-22 10:28:53"
548;4;"2017-09-22 10:28:53"
549;1;"2017-09-22 10:28:53"
550;8;"2017-09-22 10:28:53"
551;13;"2017-09-22 10:28:53"
552;6;"2017-09-22 10:28:53"
553;3;"2017-09-22 10:28:53"
554;4;"2017-09-22 10:28:53"
555;5;"2017-09-22 10:28:53"
556;10;"2017-09-22 10:28:53"
557;8;"2017-09-22 10:28:53"
558;13;"2017-09-22 10:28:53"
559;14;"2017-09-22 10:28:53"
560;10;"2017-09-22 10:28:53"
561;13;"2017-09-22 10:28:53"
562;12;"2017-09-22 10:28:53"
563;10;"2017-09-22 10:28:53"
564;2;"2017-09-22 10:28:53"
565;9;"2017-09-22 10:28:53"
566;9;"2017-09-22 10:28:53"
567;9;"2017-09-22 10:28:53"
568;5;"2017-09-22 10:28:53"
569;2;"2017-09-22 10:28:53"
570;15;"2017-09-22 10:28:53"
571;6;"2017-09-22 10:28:53"
572;14;"2017-09-22 10:28:53"
573;3;"2017-09-22 10:28:53"
574;1;"2017-09-22 10:28:53"
575;6;"2017-09-22 10:28:53"
576;6;"2017-09-22 10:28:53"
577;15;"2017-09-22 10:28:53"
578;4;"2017-09-22 10:28:53"
579;1;"2017-09-22 10:28:53"
580;13;"2017-09-22 10:28:53"
581;12;"2017-09-22 10:28:53"
582;2;"2017-09-22 10:28:53"
583;2;"2017-09-22 10:28:53"
584;9;"2017-09-22 10:28:53"
585;7;"2017-09-22 10:28:53"
586;1;"2017-09-22 10:28:53"
587;6;"2017-09-22 10:28:53"
588;3;"2017-09-22 10:28:53"
589;6;"2017-09-22 10:28:53"
590;13;"2017-09-22 10:28:53"
591;10;"2017-09-22 10:28:53"
592;12;"2017-09-22 10:28:53"
593;11;"2017-09-22 10:28:53"
594;1;"2017-09-22 10:28:53"
595;9;"2017-09-22 10:28:53"
596;10;"2017-09-22 10:28:53"
597;10;"2017-09-22 10:28:53"
598;15;"2017-09-22 10:28:53"
599;15;"2017-09-22 10:28:53"
600;11;"2017-09-22 10:28:53"
601;16;"2017-09-22 10:28:53"
602;14;"2017-09-22 10:28:53"
603;8;"2017-09-22 10:28:53"
604;5;"2017-09-22 10:28:53"
605;9;"2017-09-22 10:28:53"
606;15;"2017-09-22 10:28:53"
607;9;"2017-09-22 10:28:53"
608;3;"2017-09-22 10:28:53"
609;16;"2017-09-22 10:28:53"
610;8;"2017-09-22 10:28:53"
611;4;"2017-09-22 10:28:53"
612;15;"2017-09-22 10:28:53"
613;5;"2017-09-22 10:28:53"
614;10;"2017-09-22 10:28:53"
615;2;"2017-09-22 10:28:53"
616;6;"2017-09-22 10:28:53"
617;8;"2017-09-22 10:28:53"
618;7;"2017-09-22 10:28:53"
619;15;"2017-09-22 10:28:53"
620;14;"2017-09-22 10:28:53"
621;8;"2017-09-22 10:28:53"
622;6;"2017-09-22 10:28:53"
623;9;"2017-09-22 10:28:53"
624;10;"2017-09-22 10:28:53"
625;14;"2017-09-22 10:28:53"
626;3;"2017-09-22 10:28:53"
627;6;"2017-09-22 10:28:53"
628;15;"2017-09-22 10:28:53"
629;6;"2017-09-22 10:28:53"
630;7;"2017-09-22 10:28:53"
631;15;"2017-09-22 10:28:53"
632;13;"2017-09-22 10:28:53"
633;4;"2017-09-22 10:28:53"
634;8;"2017-09-22 10:28:53"
635;13;"2017-09-22 10:28:53"
636;12;"2017-09-22 10:28:53"
637;14;"2017-09-22 10:28:53"
638;5;"2017-09-22 10:28:53"
639;8;"2017-09-22 10:28:53"
640;9;"2017-09-22 10:28:53"
641;9;"2017-09-22 10:28:53"
642;16;"2017-09-22 10:28:53"
643;7;"2017-09-22 10:28:53"
644;2;"2017-09-22 10:28:53"
645;16;"2017-09-22 10:28:53"
646;10;"2017-09-22 10:28:53"
647;12;"2017-09-22 10:28:53"
648;16;"2017-09-22 10:28:53"
649;2;"2017-09-22 10:28:53"
650;6;"2017-09-22 10:28:53"
651;2;"2017-09-22 10:28:53"
652;4;"2017-09-22 10:28:53"
653;11;"2017-09-22 10:28:53"
654;10;"2017-09-22 10:28:53"
655;14;"2017-09-22 10:28:53"
656;16;"2017-09-22 10:28:53"
657;5;"2017-09-22 10:28:53"
658;11;"2017-09-22 10:28:53"
659;1;"2017-09-22 10:28:53"
660;5;"2017-09-22 10:28:53"
661;9;"2017-09-22 10:28:53"
662;7;"2017-09-22 10:28:53"
663;4;"2017-09-22 10:28:53"
664;1;"2017-09-22 10:28:53"
665;11;"2017-09-22 10:28:53"
666;7;"2017-09-22 10:28:53"
667;15;"2017-09-22 10:28:53"
668;15;"2017-09-22 10:28:53"
669;9;"2017-09-22 10:28:53"
670;6;"2017-09-22 10:28:53"
671;15;"2017-09-22 10:28:53"
672;5;"2017-09-22 10:28:53"
673;12;"2017-09-22 10:28:53"
674;9;"2017-09-22 10:28:53"
675;13;"2017-09-22 10:28:53"
676;15;"2017-09-22 10:28:53"
677;13;"2017-09-22 10:28:53"
678;15;"2017-09-22 10:28:53"
679;8;"2017-09-22 10:28:53"
680;5;"2017-09-22 10:28:53"
681;15;"2017-09-22 10:28:53"
682;8;"2017-09-22 10:28:53"
683;7;"2017-09-22 10:28:53"
684;10;"2017-09-22 10:28:53"
685;13;"2017-09-22 10:28:53"
686;13;"2017-09-22 10:28:53"
687;6;"2017-09-22 10:28:53"
688;3;"2017-09-22 10:28:53"
689;9;"2017-09-22 10:28:53"
690;2;"2017-09-22 10:28:53"
691;15;"2017-09-22 10:28:53"
692;2;"2017-09-22 10:28:53"
693;2;"2017-09-22 10:28:53"
694;4;"2017-09-22 10:28:53"
695;8;"2017-09-22 10:28:53"
696;2;"2017-09-22 10:28:53"
697;1;"2017-09-22 10:28:53"
698;6;"2017-09-22 10:28:53"
699;10;"2017-09-22 10:28:53"
700;8;"2017-09-22 10:28:53"
701;10;"2017-09-22 10:28:53"
702;11;"2017-09-22 10:28:53"
703;2;"2017-09-22 10:28:53"
704;5;"2017-09-22 10:28:53"
705;9;"2017-09-22 10:28:53"
706;7;"2017-09-22 10:28:53"
707;1;"2017-09-22 10:28:53"
708;6;"2017-09-22 10:28:53"
709;7;"2017-09-22 10:28:53"
710;8;"2017-09-22 10:28:53"
711;14;"2017-09-22 10:28:53"
712;6;"2017-09-22 10:28:53"
713;6;"2017-09-22 10:28:53"
714;14;"2017-09-22 10:28:53"
715;8;"2017-09-22 10:28:53"
716;11;"2017-09-22 10:28:53"
717;1;"2017-09-22 10:28:53"
718;12;"2017-09-22 10:28:53"
719;15;"2017-09-22 10:28:53"
720;13;"2017-09-22 10:28:53"
721;12;"2017-09-22 10:28:53"
722;11;"2017-09-22 10:28:53"
723;14;"2017-09-22 10:28:53"
724;8;"2017-09-22 10:28:53"
725;4;"2017-09-22 10:28:53"
726;9;"2017-09-22 10:28:53"
727;8;"2017-09-22 10:28:53"
728;7;"2017-09-22 10:28:53"
729;15;"2017-09-22 10:28:53"
730;13;"2017-09-22 10:28:53"
731;4;"2017-09-22 10:28:53"
732;1;"2017-09-22 10:28:53"
733;15;"2017-09-22 10:28:53"
734;6;"2017-09-22 10:28:53"
735;3;"2017-09-22 10:28:53"
736;8;"2017-09-22 10:28:53"
737;11;"2017-09-22 10:28:53"
738;9;"2017-09-22 10:28:53"
739;7;"2017-09-22 10:28:53"
740;11;"2017-09-22 10:28:53"
741;12;"2017-09-22 10:28:53"
742;10;"2017-09-22 10:28:53"
743;2;"2017-09-22 10:28:53"
744;4;"2017-09-22 10:28:53"
745;15;"2017-09-22 10:28:53"
746;10;"2017-09-22 10:28:53"
747;10;"2017-09-22 10:28:53"
748;1;"2017-09-22 10:28:53"
749;11;"2017-09-22 10:28:53"
750;13;"2017-09-22 10:28:53"
751;13;"2017-09-22 10:28:53"
752;12;"2017-09-22 10:28:53"
753;8;"2017-09-22 10:28:53"
754;5;"2017-09-22 10:28:53"
755;3;"2017-09-22 10:28:53"
756;5;"2017-09-22 10:28:53"
757;6;"2017-09-22 10:28:53"
758;7;"2017-09-22 10:28:53"
759;13;"2017-09-22 10:28:53"
760;13;"2017-09-22 10:28:53"
761;3;"2017-09-22 10:28:53"
762;10;"2017-09-22 10:28:53"
763;15;"2017-09-22 10:28:53"
764;15;"2017-09-22 10:28:53"
765;5;"2017-09-22 10:28:53"
766;7;"2017-09-22 10:28:53"
767;12;"2017-09-22 10:28:53"
768;3;"2017-09-22 10:28:53"
769;9;"2017-09-22 10:28:53"
770;9;"2017-09-22 10:28:53"
771;7;"2017-09-22 10:28:53"
772;7;"2017-09-22 10:28:53"
773;15;"2017-09-22 10:28:53"
774;5;"2017-09-22 10:28:53"
775;7;"2017-09-22 10:28:53"
776;6;"2017-09-22 10:28:53"
777;15;"2017-09-22 10:28:53"
778;8;"2017-09-22 10:28:53"
779;15;"2017-09-22 10:28:53"
780;8;"2017-09-22 10:28:53"
781;10;"2017-09-22 10:28:53"
782;15;"2017-09-22 10:28:53"
783;16;"2017-09-22 10:28:53"
784;16;"2017-09-22 10:28:53"
785;16;"2017-09-22 10:28:53"
786;3;"2017-09-22 10:28:53"
787;16;"2017-09-22 10:28:53"
788;6;"2017-09-22 10:28:53"
789;9;"2017-09-22 10:28:53"
790;7;"2017-09-22 10:28:53"
791;6;"2017-09-22 10:28:53"
792;9;"2017-09-22 10:28:53"
793;1;"2017-09-22 10:28:53"
794;1;"2017-09-22 10:28:53"
795;8;"2017-09-22 10:28:53"
796;15;"2017-09-22 10:28:53"
797;12;"2017-09-22 10:28:53"
798;14;"2017-09-22 10:28:53"
799;11;"2017-09-22 10:28:53"
800;11;"2017-09-22 10:28:53"
801;3;"2017-09-22 10:28:53"
802;1;"2017-09-22 10:28:53"
803;7;"2017-09-22 10:28:53"
804;11;"2017-09-22 10:28:53"
805;2;"2017-09-22 10:28:53"
806;13;"2017-09-22 10:28:53"
807;10;"2017-09-22 10:28:53"
808;4;"2017-09-22 10:28:53"
809;15;"2017-09-22 10:28:53"
810;8;"2017-09-22 10:28:53"
811;16;"2017-09-22 10:28:53"
812;6;"2017-09-22 10:28:53"
813;15;"2017-09-22 10:28:53"
814;5;"2017-09-22 10:28:53"
815;4;"2017-09-22 10:28:53"
816;2;"2017-09-22 10:28:53"
817;14;"2017-09-22 10:28:53"
818;7;"2017-09-22 10:28:53"
819;12;"2017-09-22 10:28:53"
820;2;"2017-09-22 10:28:53"
821;9;"2017-09-22 10:28:53"
822;8;"2017-09-22 10:28:53"
823;1;"2017-09-22 10:28:53"
824;8;"2017-09-22 10:28:53"
825;1;"2017-09-22 10:28:53"
826;16;"2017-09-22 10:28:53"
827;7;"2017-09-22 10:28:53"
828;4;"2017-09-22 10:28:53"
829;8;"2017-09-22 10:28:53"
830;11;"2017-09-22 10:28:53"
831;14;"2017-09-22 10:28:53"
832;8;"2017-09-22 10:28:53"
833;3;"2017-09-22 10:28:53"
834;6;"2017-09-22 10:28:53"
835;10;"2017-09-22 10:28:53"
836;15;"2017-09-22 10:28:53"
837;5;"2017-09-22 10:28:53"
838;1;"2017-09-22 10:28:53"
839;14;"2017-09-22 10:28:53"
840;10;"2017-09-22 10:28:53"
841;15;"2017-09-22 10:28:53"
842;10;"2017-09-22 10:28:53"
843;4;"2017-09-22 10:28:53"
844;15;"2017-09-22 10:28:53"
845;9;"2017-09-22 10:28:53"
846;13;"2017-09-22 10:28:53"
847;13;"2017-09-22 10:28:53"
848;16;"2017-09-22 10:28:53"
849;2;"2017-09-22 10:28:53"
850;1;"2017-09-22 10:28:53"
851;15;"2017-09-22 10:28:53"
852;3;"2017-09-22 10:28:53"
853;3;"2017-09-22 10:28:53"
854;11;"2017-09-22 10:28:53"
855;6;"2017-09-22 10:28:53"
856;11;"2017-09-22 10:28:53"
857;5;"2017-09-22 10:28:53"
858;5;"2017-09-22 10:28:53"
859;2;"2017-09-22 10:28:53"
860;14;"2017-09-22 10:28:53"
861;10;"2017-09-22 10:28:53"
862;4;"2017-09-22 10:28:53"
863;14;"2017-09-22 10:28:53"
864;3;"2017-09-22 10:28:53"
865;2;"2017-09-22 10:28:53"
866;8;"2017-09-22 10:28:53"
867;8;"2017-09-22 10:28:53"
868;16;"2017-09-22 10:28:53"
869;1;"2017-09-22 10:28:53"
870;11;"2017-09-22 10:28:53"
871;5;"2017-09-22 10:28:53"
872;16;"2017-09-22 10:28:53"
873;3;"2017-09-22 10:28:53"
874;4;"2017-09-22 10:28:53"
875;15;"2017-09-22 10:28:53"
876;11;"2017-09-22 10:28:53"
877;12;"2017-09-22 10:28:53"
878;16;"2017-09-22 10:28:53"
879;12;"2017-09-22 10:28:53"
880;2;"2017-09-22 10:28:53"
881;11;"2017-09-22 10:28:53"
882;7;"2017-09-22 10:28:53"
883;3;"2017-09-22 10:28:53"
884;12;"2017-09-22 10:28:53"
885;11;"2017-09-22 10:28:53"
886;2;"2017-09-22 10:28:53"
887;2;"2017-09-22 10:28:53"
888;6;"2017-09-22 10:28:53"
889;3;"2017-09-22 10:28:53"
890;15;"2017-09-22 10:28:53"
891;4;"2017-09-22 10:28:53"
892;2;"2017-09-22 10:28:53"
893;14;"2017-09-22 10:28:53"
894;16;"2017-09-22 10:28:53"
895;4;"2017-09-22 10:28:53"
896;3;"2017-09-22 10:28:53"
897;7;"2017-09-22 10:28:53"
898;15;"2017-09-22 10:28:53"
899;4;"2017-09-22 10:28:53"
900;9;"2017-09-22 10:28:53"
901;2;"2017-09-22 10:28:53"
902;15;"2017-09-22 10:28:53"
903;16;"2017-09-22 10:28:53"
904;11;"2017-09-22 10:28:53"
905;5;"2017-09-22 10:28:53"
906;5;"2017-09-22 10:28:53"
907;7;"2017-09-22 10:28:53"
908;9;"2017-09-22 10:28:53"
909;11;"2017-09-22 10:28:53"
910;7;"2017-09-22 10:28:53"
911;1;"2017-09-22 10:28:53"
912;14;"2017-09-22 10:28:53"
913;13;"2017-09-22 10:28:53"
914;16;"2017-09-22 10:28:53"
915;1;"2017-09-22 10:28:53"
916;2;"2017-09-22 10:28:53"
917;15;"2017-09-22 10:28:53"
918;3;"2017-09-22 10:28:53"
919;10;"2017-09-22 10:28:53"
920;13;"2017-09-22 10:28:53"
921;12;"2017-09-22 10:28:53"
922;11;"2017-09-22 10:28:53"
923;7;"2017-09-22 10:28:53"
924;14;"2017-09-22 10:28:53"
925;6;"2017-09-22 10:28:53"
926;6;"2017-09-22 10:28:53"
927;1;"2017-09-22 10:28:53"
928;3;"2017-09-22 10:28:53"
929;9;"2017-09-22 10:28:53"
930;14;"2017-09-22 10:28:53"
931;16;"2017-09-22 10:28:53"
932;5;"2017-09-22 10:28:53"
933;13;"2017-09-22 10:28:53"
934;10;"2017-09-22 10:28:53"
935;13;"2017-09-22 10:28:53"
936;12;"2017-09-22 10:28:53"
937;13;"2017-09-22 10:28:53"
938;5;"2017-09-22 10:28:53"
939;5;"2017-09-22 10:28:53"
940;15;"2017-09-22 10:28:53"
941;10;"2017-09-22 10:28:53"
942;7;"2017-09-22 10:28:53"
943;6;"2017-09-22 10:28:53"
944;7;"2017-09-22 10:28:53"
945;6;"2017-09-22 10:28:53"
946;8;"2017-09-22 10:28:53"
947;9;"2017-09-22 10:28:53"
948;13;"2017-09-22 10:28:53"
949;10;"2017-09-22 10:28:53"
950;4;"2017-09-22 10:28:53"
951;4;"2017-09-22 10:28:53"
952;6;"2017-09-22 10:28:53"
953;2;"2017-09-22 10:28:53"
954;13;"2017-09-22 10:28:53"
955;3;"2017-09-22 10:28:53"
956;10;"2017-09-22 10:28:53"
957;9;"2017-09-22 10:28:53"
958;7;"2017-09-22 10:28:53"
959;3;"2017-09-22 10:28:53"
960;6;"2017-09-22 10:28:53"
961;9;"2017-09-22 10:28:53"
962;4;"2017-09-22 10:28:53"
963;2;"2017-09-22 10:28:53"
964;1;"2017-09-22 10:28:53"
965;11;"2017-09-22 10:28:53"
966;6;"2017-09-22 10:28:53"
967;14;"2017-09-22 10:28:53"
968;1;"2017-09-22 10:28:53"
969;7;"2017-09-22 10:28:53"
970;4;"2017-09-22 10:28:53"
971;9;"2017-09-22 10:28:53"
972;14;"2017-09-22 10:28:53"
973;6;"2017-09-22 10:28:53"
974;13;"2017-09-22 10:28:53"
975;8;"2017-09-22 10:28:53"
976;10;"2017-09-22 10:28:53"
977;16;"2017-09-22 10:28:53"
978;5;"2017-09-22 10:28:53"
979;7;"2017-09-22 10:28:53"
980;12;"2017-09-22 10:28:53"
981;16;"2017-09-22 10:28:53"
982;1;"2017-09-22 10:28:53"
983;12;"2017-09-22 10:28:53"
984;9;"2017-09-22 10:28:53"
985;14;"2017-09-22 10:28:53"
986;2;"2017-09-22 10:28:53"
987;12;"2017-09-22 10:28:53"
988;16;"2017-09-22 10:28:53"
989;16;"2017-09-22 10:28:53"
990;11;"2017-09-22 10:28:53"
991;1;"2017-09-22 10:28:53"
992;6;"2017-09-22 10:28:53"
993;3;"2017-09-22 10:28:53"
994;13;"2017-09-22 10:28:53"
995;11;"2017-09-22 10:28:53"
996;6;"2017-09-22 10:28:53"
997;12;"2017-09-22 10:28:53"
998;11;"2017-09-22 10:28:53"
999;3;"2017-09-22 10:28:53"
1000;5;"2017-09-22 10:28:53"
