"customer_id";"store_id";"first_name";"last_name";"email";"address_id";"active";"create_date";"last_update"
1;1;"MARY";"SMITH";"MARY.SMITH@sakilacustomer.org";5;"1";"2006-02-14 22:04:36.000";"2017-09-22 10:28:53"
2;1;"PATRICIA";"JOHNSON";"PATRICIA.JOHNSON@sakilacustomer.org";6;"1";"2006-02-14 22:04:36.000";"2017-09-22 10:28:53"
3;1;"LINDA";"WILLIAMS";"LINDA.WILLIAMS@sakilacustomer.org";7;"1";"2006-02-14 22:04:36.000";"2017-09-22 10:28:53"
4;2;"BARBARA";"JONES";"BARBARA.JONES@sakilacustomer.org";8;"1";"2006-02-14 22:04:36.000";"2017-09-22 10:28:53"
5;1;"ELIZABETH";"BROWN";"ELIZABETH.BROWN@sakilacustomer.org";9;"1";"2006-02-14 22:04:36.000";"2017-09-22 10:28:53"
6;2;"JENNIFER";"DAVIS";"JENNIFER.DAVIS@sakilacustomer.org";10;"1";"2006-02-14 22:04:36.000";"2017-09-22 10:28:53"
7;1;"MARIA";"MILLER";"MARIA.MILLER@sakilacustomer.org";11;"1";"2006-02-14 22:04:36.000";"2017-09-22 10:28:53"
8;2;"SUSAN";"WILSON";"SUSAN.WILSON@sakilacustomer.org";12;"1";"2006-02-14 22:04:36.000";"2017-09-22 10:28:53"
9;2;"MARGARET";"MOORE";"MARGARET.MOORE@sakilacustomer.org";13;"1";"2006-02-14 22:04:36.000";"2017-09-22 10:28:53"
10;1;"DOROTHY";"TAYLOR";"DOROTHY.TAYLOR@sakilacustomer.org";14;"1";"2006-02-14 22:04:36.000";"2017-09-22 10:28:53"
11;2;"LISA";"ANDERSON";"LISA.ANDERSON@sakilacustomer.org";15;"1";"2006-02-14 22:04:36.000";"2017-09-22 10:28:53"
12;1;"NANCY";"THOMAS";"NANCY.THOMAS@sakilacustomer.org";16;"1";"2006-02-14 22:04:36.000";"2017-09-22 10:28:53"
13;2;"KAREN";"JACKSON";"KAREN.JACKSON@sakilacustomer.org";17;"1";"2006-02-14 22:04:36.000";"2017-09-22 10:28:53"
14;2;"BETTY";"WHITE";"BETTY.WHITE@sakilacustomer.org";18;"1";"2006-02-14 22:04:36.000";"2017-09-22 10:28:53"
15;1;"HELEN";"HARRIS";"HELEN.HARRIS@sakilacustomer.org";19;"1";"2006-02-14 22:04:36.000";"2017-09-22 10:28:53"
16;2;"SANDRA";"MARTIN";"SANDRA.MARTIN@sakilacustomer.org";20;"0";"2006-02-14 22:04:36.000";"2017-09-22 10:28:53"
17;1;"DONNA";"THOMPSON";"DONNA.THOMPSON@sakilacustomer.org";21;"1";"2006-02-14 22:04:36.000";"2017-09-22 10:28:53"
18;2;"CAROL";"GARCIA";"CAROL.GARCIA@sakilacustomer.org";22;"1";"2006-02-14 22:04:36.000";"2017-09-22 10:28:53"
19;1;"RUTH";"MARTINEZ";"RUTH.MARTINEZ@sakilacustomer.org";23;"1";"2006-02-14 22:04:36.000";"2017-09-22 10:28:53"
20;2;"SHARON";"ROBINSON";"SHARON.ROBINSON@sakilacustomer.org";24;"1";"2006-02-14 22:04:36.000";"2017-09-22 10:28:53"
21;1;"MICHELLE";"CLARK";"MICHELLE.CLARK@sakilacustomer.org";25;"1";"2006-02-14 22:04:36.000";"2017-09-22 10:28:53"
22;1;"LAURA";"RODRIGUEZ";"LAURA.RODRIGUEZ@sakilacustomer.org";26;"1";"2006-02-14 22:04:36.000";"2017-09-22 10:28:53"
23;2;"SARAH";"LEWIS";"SARAH.LEWIS@sakilacustomer.org";27;"1";"2006-02-14 22:04:36.000";"2017-09-22 10:28:53"
24;2;"KIMBERLY";"LEE";"KIMBERLY.LEE@sakilacustomer.org";28;"1";"2006-02-14 22:04:36.000";"2017-09-22 10:28:53"
25;1;"DEBORAH";"WALKER";"DEBORAH.WALKER@sakilacustomer.org";29;"1";"2006-02-14 22:04:36.000";"2017-09-22 10:28:53"
26;2;"JESSICA";"HALL";"JESSICA.HALL@sakilacustomer.org";30;"1";"2006-02-14 22:04:36.000";"2017-09-22 10:28:53"
27;2;"SHIRLEY";"ALLEN";"SHIRLEY.ALLEN@sakilacustomer.org";31;"1";"2006-02-14 22:04:36.000";"2017-09-22 10:28:53"
28;1;"CYNTHIA";"YOUNG";"CYNTHIA.YOUNG@sakilacustomer.org";32;"1";"2006-02-14 22:04:36.000";"2017-09-22 10:28:53"
29;2;"ANGELA";"HERNANDEZ";"ANGELA.HERNANDEZ@sakilacustomer.org";33;"1";"2006-02-14 22:04:36.000";"2017-09-22 10:28:53"
30;1;"MELISSA";"KING";"MELISSA.KING@sakilacustomer.org";34;"1";"2006-02-14 22:04:36.000";"2017-09-22 10:28:53"
31;2;"BRENDA";"WRIGHT";"BRENDA.WRIGHT@sakilacustomer.org";35;"1";"2006-02-14 22:04:36.000";"2017-09-22 10:28:53"
32;1;"AMY";"LOPEZ";"AMY.LOPEZ@sakilacustomer.org";36;"1";"2006-02-14 22:04:36.000";"2017-09-22 10:28:53"
33;2;"ANNA";"HILL";"ANNA.HILL@sakilacustomer.org";37;"1";"2006-02-14 22:04:36.000";"2017-09-22 10:28:53"
34;2;"REBECCA";"SCOTT";"REBECCA.SCOTT@sakilacustomer.org";38;"1";"2006-02-14 22:04:36.000";"2017-09-22 10:28:53"
35;2;"VIRGINIA";"GREEN";"VIRGINIA.GREEN@sakilacustomer.org";39;"1";"2006-02-14 22:04:36.000";"2017-09-22 10:28:53"
36;2;"KATHLEEN";"ADAMS";"KATHLEEN.ADAMS@sakilacustomer.org";40;"1";"2006-02-14 22:04:36.000";"2017-09-22 10:28:53"
37;1;"PAMELA";"BAKER";"PAMELA.BAKER@sakilacustomer.org";41;"1";"2006-02-14 22:04:36.000";"2017-09-22 10:28:53"
38;1;"MARTHA";"GONZALEZ";"MARTHA.GONZALEZ@sakilacustomer.org";42;"1";"2006-02-14 22:04:36.000";"2017-09-22 10:28:53"
39;1;"DEBRA";"NELSON";"DEBRA.NELSON@sakilacustomer.org";43;"1";"2006-02-14 22:04:36.000";"2017-09-22 10:28:53"
40;2;"AMANDA";"CARTER";"AMANDA.CARTER@sakilacustomer.org";44;"1";"2006-02-14 22:04:36.000";"2017-09-22 10:28:53"
41;1;"STEPHANIE";"MITCHELL";"STEPHANIE.MITCHELL@sakilacustomer.org";45;"1";"2006-02-14 22:04:36.000";"2017-09-22 10:28:53"
42;2;"CAROLYN";"PEREZ";"CAROLYN.PEREZ@sakilacustomer.org";46;"1";"2006-02-14 22:04:36.000";"2017-09-22 10:28:53"
43;2;"CHRISTINE";"ROBERTS";"CHRISTINE.ROBERTS@sakilacustomer.org";47;"1";"2006-02-14 22:04:36.000";"2017-09-22 10:28:53"
44;1;"MARIE";"TURNER";"MARIE.TURNER@sakilacustomer.org";48;"1";"2006-02-14 22:04:36.000";"2017-09-22 10:28:53"
45;1;"JANET";"PHILLIPS";"JANET.PHILLIPS@sakilacustomer.org";49;"1";"2006-02-14 22:04:36.000";"2017-09-22 10:28:53"
46;2;"CATHERINE";"CAMPBELL";"CATHERINE.CAMPBELL@sakilacustomer.org";50;"1";"2006-02-14 22:04:36.000";"2017-09-22 10:28:53"
47;1;"FRANCES";"PARKER";"FRANCES.PARKER@sakilacustomer.org";51;"1";"2006-02-14 22:04:36.000";"2017-09-22 10:28:53"
48;1;"ANN";"EVANS";"ANN.EVANS@sakilacustomer.org";52;"1";"2006-02-14 22:04:36.000";"2017-09-22 10:28:53"
49;2;"JOYCE";"EDWARDS";"JOYCE.EDWARDS@sakilacustomer.org";53;"1";"2006-02-14 22:04:36.000";"2017-09-22 10:28:53"
50;1;"DIANE";"COLLINS";"DIANE.COLLINS@sakilacustomer.org";54;"1";"2006-02-14 22:04:36.000";"2017-09-22 10:28:53"
51;1;"ALICE";"STEWART";"ALICE.STEWART@sakilacustomer.org";55;"1";"2006-02-14 22:04:36.000";"2017-09-22 10:28:53"
52;1;"JULIE";"SANCHEZ";"JULIE.SANCHEZ@sakilacustomer.org";56;"1";"2006-02-14 22:04:36.000";"2017-09-22 10:28:53"
53;1;"HEATHER";"MORRIS";"HEATHER.MORRIS@sakilacustomer.org";57;"1";"2006-02-14 22:04:36.000";"2017-09-22 10:28:53"
54;1;"TERESA";"ROGERS";"TERESA.ROGERS@sakilacustomer.org";58;"1";"2006-02-14 22:04:36.000";"2017-09-22 10:28:53"
55;2;"DORIS";"REED";"DORIS.REED@sakilacustomer.org";59;"1";"2006-02-14 22:04:36.000";"2017-09-22 10:28:53"
56;1;"GLORIA";"COOK";"GLORIA.COOK@sakilacustomer.org";60;"1";"2006-02-14 22:04:36.000";"2017-09-22 10:28:53"
57;2;"EVELYN";"MORGAN";"EVELYN.MORGAN@sakilacustomer.org";61;"1";"2006-02-14 22:04:36.000";"2017-09-22 10:28:53"
58;1;"JEAN";"BELL";"JEAN.BELL@sakilacustomer.org";62;"1";"2006-02-14 22:04:36.000";"2017-09-22 10:28:53"
59;1;"CHERYL";"MURPHY";"CHERYL.MURPHY@sakilacustomer.org";63;"1";"2006-02-14 22:04:36.000";"2017-09-22 10:28:53"
60;1;"MILDRED";"BAILEY";"MILDRED.BAILEY@sakilacustomer.org";64;"1";"2006-02-14 22:04:36.000";"2017-09-22 10:28:53"
61;2;"KATHERINE";"RIVERA";"KATHERINE.RIVERA@sakilacustomer.org";65;"1";"2006-02-14 22:04:36.000";"2017-09-22 10:28:53"
62;1;"JOAN";"COOPER";"JOAN.COOPER@sakilacustomer.org";66;"1";"2006-02-14 22:04:36.000";"2017-09-22 10:28:53"
63;1;"ASHLEY";"RICHARDSON";"ASHLEY.RICHARDSON@sakilacustomer.org";67;"1";"2006-02-14 22:04:36.000";"2017-09-22 10:28:53"
64;2;"JUDITH";"COX";"JUDITH.COX@sakilacustomer.org";68;"0";"2006-02-14 22:04:36.000";"2017-09-22 10:28:53"
65;2;"ROSE";"HOWARD";"ROSE.HOWARD@sakilacustomer.org";69;"1";"2006-02-14 22:04:36.000";"2017-09-22 10:28:53"
66;2;"JANICE";"WARD";"JANICE.WARD@sakilacustomer.org";70;"1";"2006-02-14 22:04:36.000";"2017-09-22 10:28:53"
67;1;"KELLY";"TORRES";"KELLY.TORRES@sakilacustomer.org";71;"1";"2006-02-14 22:04:36.000";"2017-09-22 10:28:53"
68;1;"NICOLE";"PETERSON";"NICOLE.PETERSON@sakilacustomer.org";72;"1";"2006-02-14 22:04:36.000";"2017-09-22 10:28:53"
69;2;"JUDY";"GRAY";"JUDY.GRAY@sakilacustomer.org";73;"1";"2006-02-14 22:04:36.000";"2017-09-22 10:28:53"
70;2;"CHRISTINA";"RAMIREZ";"CHRISTINA.RAMIREZ@sakilacustomer.org";74;"1";"2006-02-14 22:04:36.000";"2017-09-22 10:28:53"
71;1;"KATHY";"JAMES";"KATHY.JAMES@sakilacustomer.org";75;"1";"2006-02-14 22:04:36.000";"2017-09-22 10:28:53"
72;2;"THERESA";"WATSON";"THERESA.WATSON@sakilacustomer.org";76;"1";"2006-02-14 22:04:36.000";"2017-09-22 10:28:53"
73;2;"BEVERLY";"BROOKS";"BEVERLY.BROOKS@sakilacustomer.org";77;"1";"2006-02-14 22:04:36.000";"2017-09-22 10:28:53"
74;1;"DENISE";"KELLY";"DENISE.KELLY@sakilacustomer.org";78;"1";"2006-02-14 22:04:36.000";"2017-09-22 10:28:53"
75;2;"TAMMY";"SANDERS";"TAMMY.SANDERS@sakilacustomer.org";79;"1";"2006-02-14 22:04:36.000";"2017-09-22 10:28:53"
76;2;"IRENE";"PRICE";"IRENE.PRICE@sakilacustomer.org";80;"1";"2006-02-14 22:04:36.000";"2017-09-22 10:28:53"
77;2;"JANE";"BENNETT";"JANE.BENNETT@sakilacustomer.org";81;"1";"2006-02-14 22:04:36.000";"2017-09-22 10:28:53"
78;1;"LORI";"WOOD";"LORI.WOOD@sakilacustomer.org";82;"1";"2006-02-14 22:04:36.000";"2017-09-22 10:28:53"
79;1;"RACHEL";"BARNES";"RACHEL.BARNES@sakilacustomer.org";83;"1";"2006-02-14 22:04:36.000";"2017-09-22 10:28:53"
80;1;"MARILYN";"ROSS";"MARILYN.ROSS@sakilacustomer.org";84;"1";"2006-02-14 22:04:36.000";"2017-09-22 10:28:53"
81;1;"ANDREA";"HENDERSON";"ANDREA.HENDERSON@sakilacustomer.org";85;"1";"2006-02-14 22:04:36.000";"2017-09-22 10:28:53"
82;1;"KATHRYN";"COLEMAN";"KATHRYN.COLEMAN@sakilacustomer.org";86;"1";"2006-02-14 22:04:36.000";"2017-09-22 10:28:53"
83;1;"LOUISE";"JENKINS";"LOUISE.JENKINS@sakilacustomer.org";87;"1";"2006-02-14 22:04:36.000";"2017-09-22 10:28:53"
84;2;"SARA";"PERRY";"SARA.PERRY@sakilacustomer.org";88;"1";"2006-02-14 22:04:36.000";"2017-09-22 10:28:53"
85;2;"ANNE";"POWELL";"ANNE.POWELL@sakilacustomer.org";89;"1";"2006-02-14 22:04:36.000";"2017-09-22 10:28:53"
86;2;"JACQUELINE";"LONG";"JACQUELINE.LONG@sakilacustomer.org";90;"1";"2006-02-14 22:04:36.000";"2017-09-22 10:28:53"
87;1;"WANDA";"PATTERSON";"WANDA.PATTERSON@sakilacustomer.org";91;"1";"2006-02-14 22:04:36.000";"2017-09-22 10:28:53"
88;2;"BONNIE";"HUGHES";"BONNIE.HUGHES@sakilacustomer.org";92;"1";"2006-02-14 22:04:36.000";"2017-09-22 10:28:53"
89;1;"JULIA";"FLORES";"JULIA.FLORES@sakilacustomer.org";93;"1";"2006-02-14 22:04:36.000";"2017-09-22 10:28:53"
90;2;"RUBY";"WASHINGTON";"RUBY.WASHINGTON@sakilacustomer.org";94;"1";"2006-02-14 22:04:36.000";"2017-09-22 10:28:53"
91;2;"LOIS";"BUTLER";"LOIS.BUTLER@sakilacustomer.org";95;"1";"2006-02-14 22:04:36.000";"2017-09-22 10:28:53"
92;2;"TINA";"SIMMONS";"TINA.SIMMONS@sakilacustomer.org";96;"1";"2006-02-14 22:04:36.000";"2017-09-22 10:28:53"
93;1;"PHYLLIS";"FOSTER";"PHYLLIS.FOSTER@sakilacustomer.org";97;"1";"2006-02-14 22:04:36.000";"2017-09-22 10:28:53"
94;1;"NORMA";"GONZALES";"NORMA.GONZALES@sakilacustomer.org";98;"1";"2006-02-14 22:04:36.000";"2017-09-22 10:28:53"
95;2;"PAULA";"BRYANT";"PAULA.BRYANT@sakilacustomer.org";99;"1";"2006-02-14 22:04:36.000";"2017-09-22 10:28:53"
96;1;"DIANA";"ALEXANDER";"DIANA.ALEXANDER@sakilacustomer.org";100;"1";"2006-02-14 22:04:36.000";"2017-09-22 10:28:53"
97;2;"ANNIE";"RUSSELL";"ANNIE.RUSSELL@sakilacustomer.org";101;"1";"2006-02-14 22:04:36.000";"2017-09-22 10:28:53"
98;1;"LILLIAN";"GRIFFIN";"LILLIAN.GRIFFIN@sakilacustomer.org";102;"1";"2006-02-14 22:04:36.000";"2017-09-22 10:28:53"
99;2;"EMILY";"DIAZ";"EMILY.DIAZ@sakilacustomer.org";103;"1";"2006-02-14 22:04:36.000";"2017-09-22 10:28:53"
100;1;"ROBIN";"HAYES";"ROBIN.HAYES@sakilacustomer.org";104;"1";"2006-02-14 22:04:36.000";"2017-09-22 10:28:53"
101;1;"PEGGY";"MYERS";"PEGGY.MYERS@sakilacustomer.org";105;"1";"2006-02-14 22:04:36.000";"2017-09-22 10:28:53"
102;1;"CRYSTAL";"FORD";"CRYSTAL.FORD@sakilacustomer.org";106;"1";"2006-02-14 22:04:36.000";"2017-09-22 10:28:53"
103;1;"GLADYS";"HAMILTON";"GLADYS.HAMILTON@sakilacustomer.org";107;"1";"2006-02-14 22:04:36.000";"2017-09-22 10:28:53"
104;1;"RITA";"GRAHAM";"RITA.GRAHAM@sakilacustomer.org";108;"1";"2006-02-14 22:04:36.000";"2017-09-22 10:28:53"
105;1;"DAWN";"SULLIVAN";"DAWN.SULLIVAN@sakilacustomer.org";109;"1";"2006-02-14 22:04:36.000";"2017-09-22 10:28:53"
106;1;"CONNIE";"WALLACE";"CONNIE.WALLACE@sakilacustomer.org";110;"1";"2006-02-14 22:04:36.000";"2017-09-22 10:28:53"
107;1;"FLORENCE";"WOODS";"FLORENCE.WOODS@sakilacustomer.org";111;"1";"2006-02-14 22:04:36.000";"2017-09-22 10:28:53"
108;1;"TRACY";"COLE";"TRACY.COLE@sakilacustomer.org";112;"1";"2006-02-14 22:04:36.000";"2017-09-22 10:28:53"
109;2;"EDNA";"WEST";"EDNA.WEST@sakilacustomer.org";113;"1";"2006-02-14 22:04:36.000";"2017-09-22 10:28:53"
110;2;"TIFFANY";"JORDAN";"TIFFANY.JORDAN@sakilacustomer.org";114;"1";"2006-02-14 22:04:36.000";"2017-09-22 10:28:53"
111;1;"CARMEN";"OWENS";"CARMEN.OWENS@sakilacustomer.org";115;"1";"2006-02-14 22:04:36.000";"2017-09-22 10:28:53"
112;2;"ROSA";"REYNOLDS";"ROSA.REYNOLDS@sakilacustomer.org";116;"1";"2006-02-14 22:04:36.000";"2017-09-22 10:28:53"
113;2;"CINDY";"FISHER";"CINDY.FISHER@sakilacustomer.org";117;"1";"2006-02-14 22:04:36.000";"2017-09-22 10:28:53"
114;2;"GRACE";"ELLIS";"GRACE.ELLIS@sakilacustomer.org";118;"1";"2006-02-14 22:04:36.000";"2017-09-22 10:28:53"
115;1;"WENDY";"HARRISON";"WENDY.HARRISON@sakilacustomer.org";119;"1";"2006-02-14 22:04:36.000";"2017-09-22 10:28:53"
116;1;"VICTORIA";"GIBSON";"VICTORIA.GIBSON@sakilacustomer.org";120;"1";"2006-02-14 22:04:36.000";"2017-09-22 10:28:53"
117;1;"EDITH";"MCDONALD";"EDITH.MCDONALD@sakilacustomer.org";121;"1";"2006-02-14 22:04:36.000";"2017-09-22 10:28:53"
118;1;"KIM";"CRUZ";"KIM.CRUZ@sakilacustomer.org";122;"1";"2006-02-14 22:04:36.000";"2017-09-22 10:28:53"
119;1;"SHERRY";"MARSHALL";"SHERRY.MARSHALL@sakilacustomer.org";123;"1";"2006-02-14 22:04:36.000";"2017-09-22 10:28:53"
120;2;"SYLVIA";"ORTIZ";"SYLVIA.ORTIZ@sakilacustomer.org";124;"1";"2006-02-14 22:04:36.000";"2017-09-22 10:28:53"
121;1;"JOSEPHINE";"GOMEZ";"JOSEPHINE.GOMEZ@sakilacustomer.org";125;"1";"2006-02-14 22:04:36.000";"2017-09-22 10:28:53"
122;1;"THELMA";"MURRAY";"THELMA.MURRAY@sakilacustomer.org";126;"1";"2006-02-14 22:04:36.000";"2017-09-22 10:28:53"
123;2;"SHANNON";"FREEMAN";"SHANNON.FREEMAN@sakilacustomer.org";127;"1";"2006-02-14 22:04:36.000";"2017-09-22 10:28:53"
124;1;"SHEILA";"WELLS";"SHEILA.WELLS@sakilacustomer.org";128;"0";"2006-02-14 22:04:36.000";"2017-09-22 10:28:53"
125;1;"ETHEL";"WEBB";"ETHEL.WEBB@sakilacustomer.org";129;"1";"2006-02-14 22:04:36.000";"2017-09-22 10:28:53"
126;1;"ELLEN";"SIMPSON";"ELLEN.SIMPSON@sakilacustomer.org";130;"1";"2006-02-14 22:04:36.000";"2017-09-22 10:28:53"
127;2;"ELAINE";"STEVENS";"ELAINE.STEVENS@sakilacustomer.org";131;"1";"2006-02-14 22:04:36.000";"2017-09-22 10:28:53"
128;1;"MARJORIE";"TUCKER";"MARJORIE.TUCKER@sakilacustomer.org";132;"1";"2006-02-14 22:04:36.000";"2017-09-22 10:28:53"
129;1;"CARRIE";"PORTER";"CARRIE.PORTER@sakilacustomer.org";133;"1";"2006-02-14 22:04:36.000";"2017-09-22 10:28:53"
130;1;"CHARLOTTE";"HUNTER";"CHARLOTTE.HUNTER@sakilacustomer.org";134;"1";"2006-02-14 22:04:36.000";"2017-09-22 10:28:53"
131;2;"MONICA";"HICKS";"MONICA.HICKS@sakilacustomer.org";135;"1";"2006-02-14 22:04:36.000";"2017-09-22 10:28:53"
132;2;"ESTHER";"CRAWFORD";"ESTHER.CRAWFORD@sakilacustomer.org";136;"1";"2006-02-14 22:04:36.000";"2017-09-22 10:28:53"
133;1;"PAULINE";"HENRY";"PAULINE.HENRY@sakilacustomer.org";137;"1";"2006-02-14 22:04:36.000";"2017-09-22 10:28:53"
134;1;"EMMA";"BOYD";"EMMA.BOYD@sakilacustomer.org";138;"1";"2006-02-14 22:04:36.000";"2017-09-22 10:28:53"
135;2;"JUANITA";"MASON";"JUANITA.MASON@sakilacustomer.org";139;"1";"2006-02-14 22:04:36.000";"2017-09-22 10:28:53"
136;2;"ANITA";"MORALES";"ANITA.MORALES@sakilacustomer.org";140;"1";"2006-02-14 22:04:36.000";"2017-09-22 10:28:53"
137;2;"RHONDA";"KENNEDY";"RHONDA.KENNEDY@sakilacustomer.org";141;"1";"2006-02-14 22:04:36.000";"2017-09-22 10:28:53"
138;1;"HAZEL";"WARREN";"HAZEL.WARREN@sakilacustomer.org";142;"1";"2006-02-14 22:04:36.000";"2017-09-22 10:28:53"
139;1;"AMBER";"DIXON";"AMBER.DIXON@sakilacustomer.org";143;"1";"2006-02-14 22:04:36.000";"2017-09-22 10:28:53"
140;1;"EVA";"RAMOS";"EVA.RAMOS@sakilacustomer.org";144;"1";"2006-02-14 22:04:36.000";"2017-09-22 10:28:53"
141;1;"DEBBIE";"REYES";"DEBBIE.REYES@sakilacustomer.org";145;"1";"2006-02-14 22:04:36.000";"2017-09-22 10:28:53"
142;1;"APRIL";"BURNS";"APRIL.BURNS@sakilacustomer.org";146;"1";"2006-02-14 22:04:36.000";"2017-09-22 10:28:53"
143;1;"LESLIE";"GORDON";"LESLIE.GORDON@sakilacustomer.org";147;"1";"2006-02-14 22:04:36.000";"2017-09-22 10:28:53"
144;1;"CLARA";"SHAW";"CLARA.SHAW@sakilacustomer.org";148;"1";"2006-02-14 22:04:36.000";"2017-09-22 10:28:53"
145;1;"LUCILLE";"HOLMES";"LUCILLE.HOLMES@sakilacustomer.org";149;"1";"2006-02-14 22:04:36.000";"2017-09-22 10:28:53"
146;1;"JAMIE";"RICE";"JAMIE.RICE@sakilacustomer.org";150;"1";"2006-02-14 22:04:36.000";"2017-09-22 10:28:53"
147;2;"JOANNE";"ROBERTSON";"JOANNE.ROBERTSON@sakilacustomer.org";151;"1";"2006-02-14 22:04:36.000";"2017-09-22 10:28:53"
148;1;"ELEANOR";"HUNT";"ELEANOR.HUNT@sakilacustomer.org";152;"1";"2006-02-14 22:04:36.000";"2017-09-22 10:28:53"
149;1;"VALERIE";"BLACK";"VALERIE.BLACK@sakilacustomer.org";153;"1";"2006-02-14 22:04:36.000";"2017-09-22 10:28:53"
150;2;"DANIELLE";"DANIELS";"DANIELLE.DANIELS@sakilacustomer.org";154;"1";"2006-02-14 22:04:36.000";"2017-09-22 10:28:53"
151;2;"MEGAN";"PALMER";"MEGAN.PALMER@sakilacustomer.org";155;"1";"2006-02-14 22:04:36.000";"2017-09-22 10:28:53"
152;1;"ALICIA";"MILLS";"ALICIA.MILLS@sakilacustomer.org";156;"1";"2006-02-14 22:04:36.000";"2017-09-22 10:28:53"
153;2;"SUZANNE";"NICHOLS";"SUZANNE.NICHOLS@sakilacustomer.org";157;"1";"2006-02-14 22:04:36.000";"2017-09-22 10:28:53"
154;2;"MICHELE";"GRANT";"MICHELE.GRANT@sakilacustomer.org";158;"1";"2006-02-14 22:04:36.000";"2017-09-22 10:28:53"
155;1;"GAIL";"KNIGHT";"GAIL.KNIGHT@sakilacustomer.org";159;"1";"2006-02-14 22:04:36.000";"2017-09-22 10:28:53"
156;1;"BERTHA";"FERGUSON";"BERTHA.FERGUSON@sakilacustomer.org";160;"1";"2006-02-14 22:04:36.000";"2017-09-22 10:28:53"
157;2;"DARLENE";"ROSE";"DARLENE.ROSE@sakilacustomer.org";161;"1";"2006-02-14 22:04:36.000";"2017-09-22 10:28:53"
158;1;"VERONICA";"STONE";"VERONICA.STONE@sakilacustomer.org";162;"1";"2006-02-14 22:04:36.000";"2017-09-22 10:28:53"
159;1;"JILL";"HAWKINS";"JILL.HAWKINS@sakilacustomer.org";163;"1";"2006-02-14 22:04:36.000";"2017-09-22 10:28:53"
160;2;"ERIN";"DUNN";"ERIN.DUNN@sakilacustomer.org";164;"1";"2006-02-14 22:04:36.000";"2017-09-22 10:28:53"
161;1;"GERALDINE";"PERKINS";"GERALDINE.PERKINS@sakilacustomer.org";165;"1";"2006-02-14 22:04:36.000";"2017-09-22 10:28:53"
162;2;"LAUREN";"HUDSON";"LAUREN.HUDSON@sakilacustomer.org";166;"1";"2006-02-14 22:04:36.000";"2017-09-22 10:28:53"
163;1;"CATHY";"SPENCER";"CATHY.SPENCER@sakilacustomer.org";167;"1";"2006-02-14 22:04:36.000";"2017-09-22 10:28:53"
164;2;"JOANN";"GARDNER";"JOANN.GARDNER@sakilacustomer.org";168;"1";"2006-02-14 22:04:36.000";"2017-09-22 10:28:53"
165;2;"LORRAINE";"STEPHENS";"LORRAINE.STEPHENS@sakilacustomer.org";169;"1";"2006-02-14 22:04:36.000";"2017-09-22 10:28:53"
166;1;"LYNN";"PAYNE";"LYNN.PAYNE@sakilacustomer.org";170;"1";"2006-02-14 22:04:36.000";"2017-09-22 10:28:53"
167;2;"SALLY";"PIERCE";"SALLY.PIERCE@sakilacustomer.org";171;"1";"2006-02-14 22:04:36.000";"2017-09-22 10:28:53"
168;1;"REGINA";"BERRY";"REGINA.BERRY@sakilacustomer.org";172;"1";"2006-02-14 22:04:36.000";"2017-09-22 10:28:53"
169;2;"ERICA";"MATTHEWS";"ERICA.MATTHEWS@sakilacustomer.org";173;"0";"2006-02-14 22:04:36.000";"2017-09-22 10:28:53"
170;1;"BEATRICE";"ARNOLD";"BEATRICE.ARNOLD@sakilacustomer.org";174;"1";"2006-02-14 22:04:36.000";"2017-09-22 10:28:53"
171;2;"DOLORES";"WAGNER";"DOLORES.WAGNER@sakilacustomer.org";175;"1";"2006-02-14 22:04:36.000";"2017-09-22 10:28:53"
172;1;"BERNICE";"WILLIS";"BERNICE.WILLIS@sakilacustomer.org";176;"1";"2006-02-14 22:04:36.000";"2017-09-22 10:28:53"
173;1;"AUDREY";"RAY";"AUDREY.RAY@sakilacustomer.org";177;"1";"2006-02-14 22:04:36.000";"2017-09-22 10:28:53"
174;2;"YVONNE";"WATKINS";"YVONNE.WATKINS@sakilacustomer.org";178;"1";"2006-02-14 22:04:36.000";"2017-09-22 10:28:53"
175;1;"ANNETTE";"OLSON";"ANNETTE.OLSON@sakilacustomer.org";179;"1";"2006-02-14 22:04:36.000";"2017-09-22 10:28:53"
176;1;"JUNE";"CARROLL";"JUNE.CARROLL@sakilacustomer.org";180;"1";"2006-02-14 22:04:36.000";"2017-09-22 10:28:53"
177;2;"SAMANTHA";"DUNCAN";"SAMANTHA.DUNCAN@sakilacustomer.org";181;"1";"2006-02-14 22:04:36.000";"2017-09-22 10:28:53"
178;2;"MARION";"SNYDER";"MARION.SNYDER@sakilacustomer.org";182;"1";"2006-02-14 22:04:36.000";"2017-09-22 10:28:53"
179;1;"DANA";"HART";"DANA.HART@sakilacustomer.org";183;"1";"2006-02-14 22:04:36.000";"2017-09-22 10:28:53"
180;2;"STACY";"CUNNINGHAM";"STACY.CUNNINGHAM@sakilacustomer.org";184;"1";"2006-02-14 22:04:36.000";"2017-09-22 10:28:53"
181;2;"ANA";"BRADLEY";"ANA.BRADLEY@sakilacustomer.org";185;"1";"2006-02-14 22:04:36.000";"2017-09-22 10:28:53"
182;1;"RENEE";"LANE";"RENEE.LANE@sakilacustomer.org";186;"1";"2006-02-14 22:04:36.000";"2017-09-22 10:28:53"
183;2;"IDA";"ANDREWS";"IDA.ANDREWS@sakilacustomer.org";187;"1";"2006-02-14 22:04:36.000";"2017-09-22 10:28:53"
184;1;"VIVIAN";"RUIZ";"VIVIAN.RUIZ@sakilacustomer.org";188;"1";"2006-02-14 22:04:36.000";"2017-09-22 10:28:53"
185;1;"ROBERTA";"HARPER";"ROBERTA.HARPER@sakilacustomer.org";189;"1";"2006-02-14 22:04:36.000";"2017-09-22 10:28:53"
186;2;"HOLLY";"FOX";"HOLLY.FOX@sakilacustomer.org";190;"1";"2006-02-14 22:04:36.000";"2017-09-22 10:28:53"
187;2;"BRITTANY";"RILEY";"BRITTANY.RILEY@sakilacustomer.org";191;"1";"2006-02-14 22:04:36.000";"2017-09-22 10:28:53"
188;1;"MELANIE";"ARMSTRONG";"MELANIE.ARMSTRONG@sakilacustomer.org";192;"1";"2006-02-14 22:04:36.000";"2017-09-22 10:28:53"
189;1;"LORETTA";"CARPENTER";"LORETTA.CARPENTER@sakilacustomer.org";193;"1";"2006-02-14 22:04:36.000";"2017-09-22 10:28:53"
190;2;"YOLANDA";"WEAVER";"YOLANDA.WEAVER@sakilacustomer.org";194;"1";"2006-02-14 22:04:36.000";"2017-09-22 10:28:53"
191;1;"JEANETTE";"GREENE";"JEANETTE.GREENE@sakilacustomer.org";195;"1";"2006-02-14 22:04:36.000";"2017-09-22 10:28:53"
192;1;"LAURIE";"LAWRENCE";"LAURIE.LAWRENCE@sakilacustomer.org";196;"1";"2006-02-14 22:04:36.000";"2017-09-22 10:28:53"
193;2;"KATIE";"ELLIOTT";"KATIE.ELLIOTT@sakilacustomer.org";197;"1";"2006-02-14 22:04:36.000";"2017-09-22 10:28:53"
194;2;"KRISTEN";"CHAVEZ";"KRISTEN.CHAVEZ@sakilacustomer.org";198;"1";"2006-02-14 22:04:36.000";"2017-09-22 10:28:53"
195;1;"VANESSA";"SIMS";"VANESSA.SIMS@sakilacustomer.org";199;"1";"2006-02-14 22:04:36.000";"2017-09-22 10:28:53"
196;1;"ALMA";"AUSTIN";"ALMA.AUSTIN@sakilacustomer.org";200;"1";"2006-02-14 22:04:36.000";"2017-09-22 10:28:53"
197;2;"SUE";"PETERS";"SUE.PETERS@sakilacustomer.org";201;"1";"2006-02-14 22:04:36.000";"2017-09-22 10:28:53"
198;2;"ELSIE";"KELLEY";"ELSIE.KELLEY@sakilacustomer.org";202;"1";"2006-02-14 22:04:36.000";"2017-09-22 10:28:53"
199;2;"BETH";"FRANKLIN";"BETH.FRANKLIN@sakilacustomer.org";203;"1";"2006-02-14 22:04:36.000";"2017-09-22 10:28:53"
200;2;"JEANNE";"LAWSON";"JEANNE.LAWSON@sakilacustomer.org";204;"1";"2006-02-14 22:04:36.000";"2017-09-22 10:28:53"
201;1;"VICKI";"FIELDS";"VICKI.FIELDS@sakilacustomer.org";205;"1";"2006-02-14 22:04:36.000";"2017-09-22 10:28:53"
202;2;"CARLA";"GUTIERREZ";"CARLA.GUTIERREZ@sakilacustomer.org";206;"1";"2006-02-14 22:04:36.000";"2017-09-22 10:28:53"
203;1;"TARA";"RYAN";"TARA.RYAN@sakilacustomer.org";207;"1";"2006-02-14 22:04:36.000";"2017-09-22 10:28:53"
204;1;"ROSEMARY";"SCHMIDT";"ROSEMARY.SCHMIDT@sakilacustomer.org";208;"1";"2006-02-14 22:04:36.000";"2017-09-22 10:28:53"
205;2;"EILEEN";"CARR";"EILEEN.CARR@sakilacustomer.org";209;"1";"2006-02-14 22:04:36.000";"2017-09-22 10:28:53"
206;1;"TERRI";"VASQUEZ";"TERRI.VASQUEZ@sakilacustomer.org";210;"1";"2006-02-14 22:04:36.000";"2017-09-22 10:28:53"
207;1;"GERTRUDE";"CASTILLO";"GERTRUDE.CASTILLO@sakilacustomer.org";211;"1";"2006-02-14 22:04:36.000";"2017-09-22 10:28:53"
208;1;"LUCY";"WHEELER";"LUCY.WHEELER@sakilacustomer.org";212;"1";"2006-02-14 22:04:36.000";"2017-09-22 10:28:53"
209;2;"TONYA";"CHAPMAN";"TONYA.CHAPMAN@sakilacustomer.org";213;"1";"2006-02-14 22:04:36.000";"2017-09-22 10:28:53"
210;2;"ELLA";"OLIVER";"ELLA.OLIVER@sakilacustomer.org";214;"1";"2006-02-14 22:04:36.000";"2017-09-22 10:28:53"
211;1;"STACEY";"MONTGOMERY";"STACEY.MONTGOMERY@sakilacustomer.org";215;"1";"2006-02-14 22:04:36.000";"2017-09-22 10:28:53"
212;2;"WILMA";"RICHARDS";"WILMA.RICHARDS@sakilacustomer.org";216;"1";"2006-02-14 22:04:36.000";"2017-09-22 10:28:53"
213;1;"GINA";"WILLIAMSON";"GINA.WILLIAMSON@sakilacustomer.org";217;"1";"2006-02-14 22:04:36.000";"2017-09-22 10:28:53"
214;1;"KRISTIN";"JOHNSTON";"KRISTIN.JOHNSTON@sakilacustomer.org";218;"1";"2006-02-14 22:04:36.000";"2017-09-22 10:28:53"
215;2;"JESSIE";"BANKS";"JESSIE.BANKS@sakilacustomer.org";219;"1";"2006-02-14 22:04:36.000";"2017-09-22 10:28:53"
216;1;"NATALIE";"MEYER";"NATALIE.MEYER@sakilacustomer.org";220;"1";"2006-02-14 22:04:36.000";"2017-09-22 10:28:53"
217;2;"AGNES";"BISHOP";"AGNES.BISHOP@sakilacustomer.org";221;"1";"2006-02-14 22:04:36.000";"2017-09-22 10:28:53"
218;1;"VERA";"MCCOY";"VERA.MCCOY@sakilacustomer.org";222;"1";"2006-02-14 22:04:36.000";"2017-09-22 10:28:53"
219;2;"WILLIE";"HOWELL";"WILLIE.HOWELL@sakilacustomer.org";223;"1";"2006-02-14 22:04:36.000";"2017-09-22 10:28:53"
220;2;"CHARLENE";"ALVAREZ";"CHARLENE.ALVAREZ@sakilacustomer.org";224;"1";"2006-02-14 22:04:36.000";"2017-09-22 10:28:53"
221;1;"BESSIE";"MORRISON";"BESSIE.MORRISON@sakilacustomer.org";225;"1";"2006-02-14 22:04:36.000";"2017-09-22 10:28:53"
222;2;"DELORES";"HANSEN";"DELORES.HANSEN@sakilacustomer.org";226;"1";"2006-02-14 22:04:36.000";"2017-09-22 10:28:53"
223;1;"MELINDA";"FERNANDEZ";"MELINDA.FERNANDEZ@sakilacustomer.org";227;"1";"2006-02-14 22:04:36.000";"2017-09-22 10:28:53"
224;2;"PEARL";"GARZA";"PEARL.GARZA@sakilacustomer.org";228;"1";"2006-02-14 22:04:36.000";"2017-09-22 10:28:53"
225;1;"ARLENE";"HARVEY";"ARLENE.HARVEY@sakilacustomer.org";229;"1";"2006-02-14 22:04:36.000";"2017-09-22 10:28:53"
226;2;"MAUREEN";"LITTLE";"MAUREEN.LITTLE@sakilacustomer.org";230;"1";"2006-02-14 22:04:36.000";"2017-09-22 10:28:53"
227;1;"COLLEEN";"BURTON";"COLLEEN.BURTON@sakilacustomer.org";231;"1";"2006-02-14 22:04:36.000";"2017-09-22 10:28:53"
228;2;"ALLISON";"STANLEY";"ALLISON.STANLEY@sakilacustomer.org";232;"1";"2006-02-14 22:04:36.000";"2017-09-22 10:28:53"
229;1;"TAMARA";"NGUYEN";"TAMARA.NGUYEN@sakilacustomer.org";233;"1";"2006-02-14 22:04:36.000";"2017-09-22 10:28:53"
230;2;"JOY";"GEORGE";"JOY.GEORGE@sakilacustomer.org";234;"1";"2006-02-14 22:04:36.000";"2017-09-22 10:28:53"
231;1;"GEORGIA";"JACOBS";"GEORGIA.JACOBS@sakilacustomer.org";235;"1";"2006-02-14 22:04:36.000";"2017-09-22 10:28:53"
232;2;"CONSTANCE";"REID";"CONSTANCE.REID@sakilacustomer.org";236;"1";"2006-02-14 22:04:36.000";"2017-09-22 10:28:53"
233;2;"LILLIE";"KIM";"LILLIE.KIM@sakilacustomer.org";237;"1";"2006-02-14 22:04:36.000";"2017-09-22 10:28:53"
234;1;"CLAUDIA";"FULLER";"CLAUDIA.FULLER@sakilacustomer.org";238;"1";"2006-02-14 22:04:36.000";"2017-09-22 10:28:53"
235;1;"JACKIE";"LYNCH";"JACKIE.LYNCH@sakilacustomer.org";239;"1";"2006-02-14 22:04:36.000";"2017-09-22 10:28:53"
236;1;"MARCIA";"DEAN";"MARCIA.DEAN@sakilacustomer.org";240;"1";"2006-02-14 22:04:36.000";"2017-09-22 10:28:53"
237;1;"TANYA";"GILBERT";"TANYA.GILBERT@sakilacustomer.org";241;"1";"2006-02-14 22:04:36.000";"2017-09-22 10:28:53"
238;1;"NELLIE";"GARRETT";"NELLIE.GARRETT@sakilacustomer.org";242;"1";"2006-02-14 22:04:36.000";"2017-09-22 10:28:53"
239;2;"MINNIE";"ROMERO";"MINNIE.ROMERO@sakilacustomer.org";243;"1";"2006-02-14 22:04:36.000";"2017-09-22 10:28:53"
240;1;"MARLENE";"WELCH";"MARLENE.WELCH@sakilacustomer.org";244;"1";"2006-02-14 22:04:36.000";"2017-09-22 10:28:53"
241;2;"HEIDI";"LARSON";"HEIDI.LARSON@sakilacustomer.org";245;"0";"2006-02-14 22:04:36.000";"2017-09-22 10:28:53"
242;1;"GLENDA";"FRAZIER";"GLENDA.FRAZIER@sakilacustomer.org";246;"1";"2006-02-14 22:04:36.000";"2017-09-22 10:28:53"
243;1;"LYDIA";"BURKE";"LYDIA.BURKE@sakilacustomer.org";247;"1";"2006-02-14 22:04:36.000";"2017-09-22 10:28:53"
244;2;"VIOLA";"HANSON";"VIOLA.HANSON@sakilacustomer.org";248;"1";"2006-02-14 22:04:36.000";"2017-09-22 10:28:53"
245;1;"COURTNEY";"DAY";"COURTNEY.DAY@sakilacustomer.org";249;"1";"2006-02-14 22:04:36.000";"2017-09-22 10:28:53"
246;1;"MARIAN";"MENDOZA";"MARIAN.MENDOZA@sakilacustomer.org";250;"1";"2006-02-14 22:04:36.000";"2017-09-22 10:28:53"
247;1;"STELLA";"MORENO";"STELLA.MORENO@sakilacustomer.org";251;"1";"2006-02-14 22:04:36.000";"2017-09-22 10:28:53"
248;1;"CAROLINE";"BOWMAN";"CAROLINE.BOWMAN@sakilacustomer.org";252;"1";"2006-02-14 22:04:36.000";"2017-09-22 10:28:53"
249;2;"DORA";"MEDINA";"DORA.MEDINA@sakilacustomer.org";253;"1";"2006-02-14 22:04:36.000";"2017-09-22 10:28:53"
250;2;"JO";"FOWLER";"JO.FOWLER@sakilacustomer.org";254;"1";"2006-02-14 22:04:36.000";"2017-09-22 10:28:53"
251;2;"VICKIE";"BREWER";"VICKIE.BREWER@sakilacustomer.org";255;"1";"2006-02-14 22:04:36.000";"2017-09-22 10:28:53"
252;2;"MATTIE";"HOFFMAN";"MATTIE.HOFFMAN@sakilacustomer.org";256;"1";"2006-02-14 22:04:36.000";"2017-09-22 10:28:53"
253;1;"TERRY";"CARLSON";"TERRY.CARLSON@sakilacustomer.org";258;"1";"2006-02-14 22:04:36.000";"2017-09-22 10:28:53"
254;2;"MAXINE";"SILVA";"MAXINE.SILVA@sakilacustomer.org";259;"1";"2006-02-14 22:04:36.000";"2017-09-22 10:28:53"
255;2;"IRMA";"PEARSON";"IRMA.PEARSON@sakilacustomer.org";260;"1";"2006-02-14 22:04:36.000";"2017-09-22 10:28:53"
256;2;"MABEL";"HOLLAND";"MABEL.HOLLAND@sakilacustomer.org";261;"1";"2006-02-14 22:04:36.000";"2017-09-22 10:28:53"
257;2;"MARSHA";"DOUGLAS";"MARSHA.DOUGLAS@sakilacustomer.org";262;"1";"2006-02-14 22:04:36.000";"2017-09-22 10:28:53"
258;1;"MYRTLE";"FLEMING";"MYRTLE.FLEMING@sakilacustomer.org";263;"1";"2006-02-14 22:04:36.000";"2017-09-22 10:28:53"
259;2;"LENA";"JENSEN";"LENA.JENSEN@sakilacustomer.org";264;"1";"2006-02-14 22:04:36.000";"2017-09-22 10:28:53"
260;1;"CHRISTY";"VARGAS";"CHRISTY.VARGAS@sakilacustomer.org";265;"1";"2006-02-14 22:04:36.000";"2017-09-22 10:28:53"
261;1;"DEANNA";"BYRD";"DEANNA.BYRD@sakilacustomer.org";266;"1";"2006-02-14 22:04:36.000";"2017-09-22 10:28:53"
262;2;"PATSY";"DAVIDSON";"PATSY.DAVIDSON@sakilacustomer.org";267;"1";"2006-02-14 22:04:36.000";"2017-09-22 10:28:53"
263;1;"HILDA";"HOPKINS";"HILDA.HOPKINS@sakilacustomer.org";268;"1";"2006-02-14 22:04:36.000";"2017-09-22 10:28:53"
264;1;"GWENDOLYN";"MAY";"GWENDOLYN.MAY@sakilacustomer.org";269;"1";"2006-02-14 22:04:36.000";"2017-09-22 10:28:53"
265;2;"JENNIE";"TERRY";"JENNIE.TERRY@sakilacustomer.org";270;"1";"2006-02-14 22:04:36.000";"2017-09-22 10:28:53"
266;2;"NORA";"HERRERA";"NORA.HERRERA@sakilacustomer.org";271;"1";"2006-02-14 22:04:36.000";"2017-09-22 10:28:53"
267;1;"MARGIE";"WADE";"MARGIE.WADE@sakilacustomer.org";272;"1";"2006-02-14 22:04:36.000";"2017-09-22 10:28:53"
268;1;"NINA";"SOTO";"NINA.SOTO@sakilacustomer.org";273;"1";"2006-02-14 22:04:36.000";"2017-09-22 10:28:53"
269;1;"CASSANDRA";"WALTERS";"CASSANDRA.WALTERS@sakilacustomer.org";274;"1";"2006-02-14 22:04:36.000";"2017-09-22 10:28:53"
270;1;"LEAH";"CURTIS";"LEAH.CURTIS@sakilacustomer.org";275;"1";"2006-02-14 22:04:36.000";"2017-09-22 10:28:53"
271;1;"PENNY";"NEAL";"PENNY.NEAL@sakilacustomer.org";276;"0";"2006-02-14 22:04:36.000";"2017-09-22 10:28:53"
272;1;"KAY";"CALDWELL";"KAY.CALDWELL@sakilacustomer.org";277;"1";"2006-02-14 22:04:37.000";"2017-09-22 10:28:53"
273;2;"PRISCILLA";"LOWE";"PRISCILLA.LOWE@sakilacustomer.org";278;"1";"2006-02-14 22:04:37.000";"2017-09-22 10:28:53"
274;1;"NAOMI";"JENNINGS";"NAOMI.JENNINGS@sakilacustomer.org";279;"1";"2006-02-14 22:04:37.000";"2017-09-22 10:28:53"
275;2;"CAROLE";"BARNETT";"CAROLE.BARNETT@sakilacustomer.org";280;"1";"2006-02-14 22:04:37.000";"2017-09-22 10:28:53"
276;1;"BRANDY";"GRAVES";"BRANDY.GRAVES@sakilacustomer.org";281;"1";"2006-02-14 22:04:37.000";"2017-09-22 10:28:53"
277;2;"OLGA";"JIMENEZ";"OLGA.JIMENEZ@sakilacustomer.org";282;"1";"2006-02-14 22:04:37.000";"2017-09-22 10:28:53"
278;2;"BILLIE";"HORTON";"BILLIE.HORTON@sakilacustomer.org";283;"1";"2006-02-14 22:04:37.000";"2017-09-22 10:28:53"
279;2;"DIANNE";"SHELTON";"DIANNE.SHELTON@sakilacustomer.org";284;"1";"2006-02-14 22:04:37.000";"2017-09-22 10:28:53"
280;2;"TRACEY";"BARRETT";"TRACEY.BARRETT@sakilacustomer.org";285;"1";"2006-02-14 22:04:37.000";"2017-09-22 10:28:53"
281;2;"LEONA";"OBRIEN";"LEONA.OBRIEN@sakilacustomer.org";286;"1";"2006-02-14 22:04:37.000";"2017-09-22 10:28:53"
282;2;"JENNY";"CASTRO";"JENNY.CASTRO@sakilacustomer.org";287;"1";"2006-02-14 22:04:37.000";"2017-09-22 10:28:53"
283;1;"FELICIA";"SUTTON";"FELICIA.SUTTON@sakilacustomer.org";288;"1";"2006-02-14 22:04:37.000";"2017-09-22 10:28:53"
284;1;"SONIA";"GREGORY";"SONIA.GREGORY@sakilacustomer.org";289;"1";"2006-02-14 22:04:37.000";"2017-09-22 10:28:53"
285;1;"MIRIAM";"MCKINNEY";"MIRIAM.MCKINNEY@sakilacustomer.org";290;"1";"2006-02-14 22:04:37.000";"2017-09-22 10:28:53"
286;1;"VELMA";"LUCAS";"VELMA.LUCAS@sakilacustomer.org";291;"1";"2006-02-14 22:04:37.000";"2017-09-22 10:28:53"
287;2;"BECKY";"MILES";"BECKY.MILES@sakilacustomer.org";292;"1";"2006-02-14 22:04:37.000";"2017-09-22 10:28:53"
288;1;"BOBBIE";"CRAIG";"BOBBIE.CRAIG@sakilacustomer.org";293;"1";"2006-02-14 22:04:37.000";"2017-09-22 10:28:53"
289;1;"VIOLET";"RODRIQUEZ";"VIOLET.RODRIQUEZ@sakilacustomer.org";294;"1";"2006-02-14 22:04:37.000";"2017-09-22 10:28:53"
290;1;"KRISTINA";"CHAMBERS";"KRISTINA.CHAMBERS@sakilacustomer.org";295;"1";"2006-02-14 22:04:37.000";"2017-09-22 10:28:53"
291;1;"TONI";"HOLT";"TONI.HOLT@sakilacustomer.org";296;"1";"2006-02-14 22:04:37.000";"2017-09-22 10:28:53"
292;2;"MISTY";"LAMBERT";"MISTY.LAMBERT@sakilacustomer.org";297;"1";"2006-02-14 22:04:37.000";"2017-09-22 10:28:53"
293;2;"MAE";"FLETCHER";"MAE.FLETCHER@sakilacustomer.org";298;"1";"2006-02-14 22:04:37.000";"2017-09-22 10:28:53"
294;2;"SHELLY";"WATTS";"SHELLY.WATTS@sakilacustomer.org";299;"1";"2006-02-14 22:04:37.000";"2017-09-22 10:28:53"
295;1;"DAISY";"BATES";"DAISY.BATES@sakilacustomer.org";300;"1";"2006-02-14 22:04:37.000";"2017-09-22 10:28:53"
296;2;"RAMONA";"HALE";"RAMONA.HALE@sakilacustomer.org";301;"1";"2006-02-14 22:04:37.000";"2017-09-22 10:28:53"
297;1;"SHERRI";"RHODES";"SHERRI.RHODES@sakilacustomer.org";302;"1";"2006-02-14 22:04:37.000";"2017-09-22 10:28:53"
298;1;"ERIKA";"PENA";"ERIKA.PENA@sakilacustomer.org";303;"1";"2006-02-14 22:04:37.000";"2017-09-22 10:28:53"
299;2;"JAMES";"GANNON";"JAMES.GANNON@sakilacustomer.org";304;"1";"2006-02-14 22:04:37.000";"2017-09-22 10:28:53"
300;1;"JOHN";"FARNSWORTH";"JOHN.FARNSWORTH@sakilacustomer.org";305;"1";"2006-02-14 22:04:37.000";"2017-09-22 10:28:53"
301;2;"ROBERT";"BAUGHMAN";"ROBERT.BAUGHMAN@sakilacustomer.org";306;"1";"2006-02-14 22:04:37.000";"2017-09-22 10:28:53"
302;1;"MICHAEL";"SILVERMAN";"MICHAEL.SILVERMAN@sakilacustomer.org";307;"1";"2006-02-14 22:04:37.000";"2017-09-22 10:28:53"
303;2;"WILLIAM";"SATTERFIELD";"WILLIAM.SATTERFIELD@sakilacustomer.org";308;"1";"2006-02-14 22:04:37.000";"2017-09-22 10:28:53"
304;2;"DAVID";"ROYAL";"DAVID.ROYAL@sakilacustomer.org";309;"1";"2006-02-14 22:04:37.000";"2017-09-22 10:28:53"
305;1;"RICHARD";"MCCRARY";"RICHARD.MCCRARY@sakilacustomer.org";310;"1";"2006-02-14 22:04:37.000";"2017-09-22 10:28:53"
306;1;"CHARLES";"KOWALSKI";"CHARLES.KOWALSKI@sakilacustomer.org";311;"1";"2006-02-14 22:04:37.000";"2017-09-22 10:28:53"
307;2;"JOSEPH";"JOY";"JOSEPH.JOY@sakilacustomer.org";312;"1";"2006-02-14 22:04:37.000";"2017-09-22 10:28:53"
308;1;"THOMAS";"GRIGSBY";"THOMAS.GRIGSBY@sakilacustomer.org";313;"1";"2006-02-14 22:04:37.000";"2017-09-22 10:28:53"
309;1;"CHRISTOPHER";"GRECO";"CHRISTOPHER.GRECO@sakilacustomer.org";314;"1";"2006-02-14 22:04:37.000";"2017-09-22 10:28:53"
310;2;"DANIEL";"CABRAL";"DANIEL.CABRAL@sakilacustomer.org";315;"1";"2006-02-14 22:04:37.000";"2017-09-22 10:28:53"
311;2;"PAUL";"TROUT";"PAUL.TROUT@sakilacustomer.org";316;"1";"2006-02-14 22:04:37.000";"2017-09-22 10:28:53"
312;2;"MARK";"RINEHART";"MARK.RINEHART@sakilacustomer.org";317;"1";"2006-02-14 22:04:37.000";"2017-09-22 10:28:53"
313;2;"DONALD";"MAHON";"DONALD.MAHON@sakilacustomer.org";318;"1";"2006-02-14 22:04:37.000";"2017-09-22 10:28:53"
314;1;"GEORGE";"LINTON";"GEORGE.LINTON@sakilacustomer.org";319;"1";"2006-02-14 22:04:37.000";"2017-09-22 10:28:53"
315;2;"KENNETH";"GOODEN";"KENNETH.GOODEN@sakilacustomer.org";320;"0";"2006-02-14 22:04:37.000";"2017-09-22 10:28:53"
316;1;"STEVEN";"CURLEY";"STEVEN.CURLEY@sakilacustomer.org";321;"1";"2006-02-14 22:04:37.000";"2017-09-22 10:28:53"
317;2;"EDWARD";"BAUGH";"EDWARD.BAUGH@sakilacustomer.org";322;"1";"2006-02-14 22:04:37.000";"2017-09-22 10:28:53"
318;1;"BRIAN";"WYMAN";"BRIAN.WYMAN@sakilacustomer.org";323;"1";"2006-02-14 22:04:37.000";"2017-09-22 10:28:53"
319;2;"RONALD";"WEINER";"RONALD.WEINER@sakilacustomer.org";324;"1";"2006-02-14 22:04:37.000";"2017-09-22 10:28:53"
320;2;"ANTHONY";"SCHWAB";"ANTHONY.SCHWAB@sakilacustomer.org";325;"1";"2006-02-14 22:04:37.000";"2017-09-22 10:28:53"
321;1;"KEVIN";"SCHULER";"KEVIN.SCHULER@sakilacustomer.org";326;"1";"2006-02-14 22:04:37.000";"2017-09-22 10:28:53"
322;1;"JASON";"MORRISSEY";"JASON.MORRISSEY@sakilacustomer.org";327;"1";"2006-02-14 22:04:37.000";"2017-09-22 10:28:53"
323;2;"MATTHEW";"MAHAN";"MATTHEW.MAHAN@sakilacustomer.org";328;"1";"2006-02-14 22:04:37.000";"2017-09-22 10:28:53"
324;2;"GARY";"COY";"GARY.COY@sakilacustomer.org";329;"1";"2006-02-14 22:04:37.000";"2017-09-22 10:28:53"
325;1;"TIMOTHY";"BUNN";"TIMOTHY.BUNN@sakilacustomer.org";330;"1";"2006-02-14 22:04:37.000";"2017-09-22 10:28:53"
326;1;"JOSE";"ANDREW";"JOSE.ANDREW@sakilacustomer.org";331;"1";"2006-02-14 22:04:37.000";"2017-09-22 10:28:53"
327;2;"LARRY";"THRASHER";"LARRY.THRASHER@sakilacustomer.org";332;"1";"2006-02-14 22:04:37.000";"2017-09-22 10:28:53"
328;2;"JEFFREY";"SPEAR";"JEFFREY.SPEAR@sakilacustomer.org";333;"1";"2006-02-14 22:04:37.000";"2017-09-22 10:28:53"
329;2;"FRANK";"WAGGONER";"FRANK.WAGGONER@sakilacustomer.org";334;"1";"2006-02-14 22:04:37.000";"2017-09-22 10:28:53"
330;1;"SCOTT";"SHELLEY";"SCOTT.SHELLEY@sakilacustomer.org";335;"1";"2006-02-14 22:04:37.000";"2017-09-22 10:28:53"
331;1;"ERIC";"ROBERT";"ERIC.ROBERT@sakilacustomer.org";336;"1";"2006-02-14 22:04:37.000";"2017-09-22 10:28:53"
332;1;"STEPHEN";"QUALLS";"STEPHEN.QUALLS@sakilacustomer.org";337;"1";"2006-02-14 22:04:37.000";"2017-09-22 10:28:53"
333;2;"ANDREW";"PURDY";"ANDREW.PURDY@sakilacustomer.org";338;"1";"2006-02-14 22:04:37.000";"2017-09-22 10:28:53"
334;2;"RAYMOND";"MCWHORTER";"RAYMOND.MCWHORTER@sakilacustomer.org";339;"1";"2006-02-14 22:04:37.000";"2017-09-22 10:28:53"
335;1;"GREGORY";"MAULDIN";"GREGORY.MAULDIN@sakilacustomer.org";340;"1";"2006-02-14 22:04:37.000";"2017-09-22 10:28:53"
336;1;"JOSHUA";"MARK";"JOSHUA.MARK@sakilacustomer.org";341;"1";"2006-02-14 22:04:37.000";"2017-09-22 10:28:53"
337;1;"JERRY";"JORDON";"JERRY.JORDON@sakilacustomer.org";342;"1";"2006-02-14 22:04:37.000";"2017-09-22 10:28:53"
338;1;"DENNIS";"GILMAN";"DENNIS.GILMAN@sakilacustomer.org";343;"1";"2006-02-14 22:04:37.000";"2017-09-22 10:28:53"
339;2;"WALTER";"PERRYMAN";"WALTER.PERRYMAN@sakilacustomer.org";344;"1";"2006-02-14 22:04:37.000";"2017-09-22 10:28:53"
340;1;"PATRICK";"NEWSOM";"PATRICK.NEWSOM@sakilacustomer.org";345;"1";"2006-02-14 22:04:37.000";"2017-09-22 10:28:53"
341;1;"PETER";"MENARD";"PETER.MENARD@sakilacustomer.org";346;"1";"2006-02-14 22:04:37.000";"2017-09-22 10:28:53"
342;1;"HAROLD";"MARTINO";"HAROLD.MARTINO@sakilacustomer.org";347;"1";"2006-02-14 22:04:37.000";"2017-09-22 10:28:53"
343;1;"DOUGLAS";"GRAF";"DOUGLAS.GRAF@sakilacustomer.org";348;"1";"2006-02-14 22:04:37.000";"2017-09-22 10:28:53"
344;1;"HENRY";"BILLINGSLEY";"HENRY.BILLINGSLEY@sakilacustomer.org";349;"1";"2006-02-14 22:04:37.000";"2017-09-22 10:28:53"
345;1;"CARL";"ARTIS";"CARL.ARTIS@sakilacustomer.org";350;"1";"2006-02-14 22:04:37.000";"2017-09-22 10:28:53"
346;1;"ARTHUR";"SIMPKINS";"ARTHUR.SIMPKINS@sakilacustomer.org";351;"1";"2006-02-14 22:04:37.000";"2017-09-22 10:28:53"
347;2;"RYAN";"SALISBURY";"RYAN.SALISBURY@sakilacustomer.org";352;"1";"2006-02-14 22:04:37.000";"2017-09-22 10:28:53"
348;2;"ROGER";"QUINTANILLA";"ROGER.QUINTANILLA@sakilacustomer.org";353;"1";"2006-02-14 22:04:37.000";"2017-09-22 10:28:53"
349;2;"JOE";"GILLILAND";"JOE.GILLILAND@sakilacustomer.org";354;"1";"2006-02-14 22:04:37.000";"2017-09-22 10:28:53"
350;1;"JUAN";"FRALEY";"JUAN.FRALEY@sakilacustomer.org";355;"1";"2006-02-14 22:04:37.000";"2017-09-22 10:28:53"
351;1;"JACK";"FOUST";"JACK.FOUST@sakilacustomer.org";356;"1";"2006-02-14 22:04:37.000";"2017-09-22 10:28:53"
352;1;"ALBERT";"CROUSE";"ALBERT.CROUSE@sakilacustomer.org";357;"1";"2006-02-14 22:04:37.000";"2017-09-22 10:28:53"
353;1;"JONATHAN";"SCARBOROUGH";"JONATHAN.SCARBOROUGH@sakilacustomer.org";358;"1";"2006-02-14 22:04:37.000";"2017-09-22 10:28:53"
354;2;"JUSTIN";"NGO";"JUSTIN.NGO@sakilacustomer.org";359;"1";"2006-02-14 22:04:37.000";"2017-09-22 10:28:53"
355;2;"TERRY";"GRISSOM";"TERRY.GRISSOM@sakilacustomer.org";360;"1";"2006-02-14 22:04:37.000";"2017-09-22 10:28:53"
356;2;"GERALD";"FULTZ";"GERALD.FULTZ@sakilacustomer.org";361;"1";"2006-02-14 22:04:37.000";"2017-09-22 10:28:53"
357;1;"KEITH";"RICO";"KEITH.RICO@sakilacustomer.org";362;"1";"2006-02-14 22:04:37.000";"2017-09-22 10:28:53"
358;2;"SAMUEL";"MARLOW";"SAMUEL.MARLOW@sakilacustomer.org";363;"1";"2006-02-14 22:04:37.000";"2017-09-22 10:28:53"
359;2;"WILLIE";"MARKHAM";"WILLIE.MARKHAM@sakilacustomer.org";364;"1";"2006-02-14 22:04:37.000";"2017-09-22 10:28:53"
360;2;"RALPH";"MADRIGAL";"RALPH.MADRIGAL@sakilacustomer.org";365;"1";"2006-02-14 22:04:37.000";"2017-09-22 10:28:53"
361;2;"LAWRENCE";"LAWTON";"LAWRENCE.LAWTON@sakilacustomer.org";366;"1";"2006-02-14 22:04:37.000";"2017-09-22 10:28:53"
362;1;"NICHOLAS";"BARFIELD";"NICHOLAS.BARFIELD@sakilacustomer.org";367;"1";"2006-02-14 22:04:37.000";"2017-09-22 10:28:53"
363;2;"ROY";"WHITING";"ROY.WHITING@sakilacustomer.org";368;"1";"2006-02-14 22:04:37.000";"2017-09-22 10:28:53"
364;1;"BENJAMIN";"VARNEY";"BENJAMIN.VARNEY@sakilacustomer.org";369;"1";"2006-02-14 22:04:37.000";"2017-09-22 10:28:53"
365;2;"BRUCE";"SCHWARZ";"BRUCE.SCHWARZ@sakilacustomer.org";370;"1";"2006-02-14 22:04:37.000";"2017-09-22 10:28:53"
366;1;"BRANDON";"HUEY";"BRANDON.HUEY@sakilacustomer.org";371;"1";"2006-02-14 22:04:37.000";"2017-09-22 10:28:53"
367;1;"ADAM";"GOOCH";"ADAM.GOOCH@sakilacustomer.org";372;"1";"2006-02-14 22:04:37.000";"2017-09-22 10:28:53"
368;1;"HARRY";"ARCE";"HARRY.ARCE@sakilacustomer.org";373;"0";"2006-02-14 22:04:37.000";"2017-09-22 10:28:53"
369;2;"FRED";"WHEAT";"FRED.WHEAT@sakilacustomer.org";374;"1";"2006-02-14 22:04:37.000";"2017-09-22 10:28:53"
370;2;"WAYNE";"TRUONG";"WAYNE.TRUONG@sakilacustomer.org";375;"1";"2006-02-14 22:04:37.000";"2017-09-22 10:28:53"
371;1;"BILLY";"POULIN";"BILLY.POULIN@sakilacustomer.org";376;"1";"2006-02-14 22:04:37.000";"2017-09-22 10:28:53"
372;2;"STEVE";"MACKENZIE";"STEVE.MACKENZIE@sakilacustomer.org";377;"1";"2006-02-14 22:04:37.000";"2017-09-22 10:28:53"
373;1;"LOUIS";"LEONE";"LOUIS.LEONE@sakilacustomer.org";378;"1";"2006-02-14 22:04:37.000";"2017-09-22 10:28:53"
374;2;"JEREMY";"HURTADO";"JEREMY.HURTADO@sakilacustomer.org";379;"1";"2006-02-14 22:04:37.000";"2017-09-22 10:28:53"
375;2;"AARON";"SELBY";"AARON.SELBY@sakilacustomer.org";380;"1";"2006-02-14 22:04:37.000";"2017-09-22 10:28:53"
376;1;"RANDY";"GAITHER";"RANDY.GAITHER@sakilacustomer.org";381;"1";"2006-02-14 22:04:37.000";"2017-09-22 10:28:53"
377;1;"HOWARD";"FORTNER";"HOWARD.FORTNER@sakilacustomer.org";382;"1";"2006-02-14 22:04:37.000";"2017-09-22 10:28:53"
378;1;"EUGENE";"CULPEPPER";"EUGENE.CULPEPPER@sakilacustomer.org";383;"1";"2006-02-14 22:04:37.000";"2017-09-22 10:28:53"
379;1;"CARLOS";"COUGHLIN";"CARLOS.COUGHLIN@sakilacustomer.org";384;"1";"2006-02-14 22:04:37.000";"2017-09-22 10:28:53"
380;1;"RUSSELL";"BRINSON";"RUSSELL.BRINSON@sakilacustomer.org";385;"1";"2006-02-14 22:04:37.000";"2017-09-22 10:28:53"
381;2;"BOBBY";"BOUDREAU";"BOBBY.BOUDREAU@sakilacustomer.org";386;"1";"2006-02-14 22:04:37.000";"2017-09-22 10:28:53"
382;2;"VICTOR";"BARKLEY";"VICTOR.BARKLEY@sakilacustomer.org";387;"1";"2006-02-14 22:04:37.000";"2017-09-22 10:28:53"
383;1;"MARTIN";"BALES";"MARTIN.BALES@sakilacustomer.org";388;"1";"2006-02-14 22:04:37.000";"2017-09-22 10:28:53"
384;2;"ERNEST";"STEPP";"ERNEST.STEPP@sakilacustomer.org";389;"1";"2006-02-14 22:04:37.000";"2017-09-22 10:28:53"
385;1;"PHILLIP";"HOLM";"PHILLIP.HOLM@sakilacustomer.org";390;"1";"2006-02-14 22:04:37.000";"2017-09-22 10:28:53"
386;1;"TODD";"TAN";"TODD.TAN@sakilacustomer.org";391;"1";"2006-02-14 22:04:37.000";"2017-09-22 10:28:53"
387;2;"JESSE";"SCHILLING";"JESSE.SCHILLING@sakilacustomer.org";392;"1";"2006-02-14 22:04:37.000";"2017-09-22 10:28:53"
388;2;"CRAIG";"MORRELL";"CRAIG.MORRELL@sakilacustomer.org";393;"1";"2006-02-14 22:04:37.000";"2017-09-22 10:28:53"
389;1;"ALAN";"KAHN";"ALAN.KAHN@sakilacustomer.org";394;"1";"2006-02-14 22:04:37.000";"2017-09-22 10:28:53"
390;1;"SHAWN";"HEATON";"SHAWN.HEATON@sakilacustomer.org";395;"1";"2006-02-14 22:04:37.000";"2017-09-22 10:28:53"
391;1;"CLARENCE";"GAMEZ";"CLARENCE.GAMEZ@sakilacustomer.org";396;"1";"2006-02-14 22:04:37.000";"2017-09-22 10:28:53"
392;2;"SEAN";"DOUGLASS";"SEAN.DOUGLASS@sakilacustomer.org";397;"1";"2006-02-14 22:04:37.000";"2017-09-22 10:28:53"
393;1;"PHILIP";"CAUSEY";"PHILIP.CAUSEY@sakilacustomer.org";398;"1";"2006-02-14 22:04:37.000";"2017-09-22 10:28:53"
394;2;"CHRIS";"BROTHERS";"CHRIS.BROTHERS@sakilacustomer.org";399;"1";"2006-02-14 22:04:37.000";"2017-09-22 10:28:53"
395;2;"JOHNNY";"TURPIN";"JOHNNY.TURPIN@sakilacustomer.org";400;"1";"2006-02-14 22:04:37.000";"2017-09-22 10:28:53"
396;1;"EARL";"SHANKS";"EARL.SHANKS@sakilacustomer.org";401;"1";"2006-02-14 22:04:37.000";"2017-09-22 10:28:53"
397;1;"JIMMY";"SCHRADER";"JIMMY.SCHRADER@sakilacustomer.org";402;"1";"2006-02-14 22:04:37.000";"2017-09-22 10:28:53"
398;1;"ANTONIO";"MEEK";"ANTONIO.MEEK@sakilacustomer.org";403;"1";"2006-02-14 22:04:37.000";"2017-09-22 10:28:53"
399;1;"DANNY";"ISOM";"DANNY.ISOM@sakilacustomer.org";404;"1";"2006-02-14 22:04:37.000";"2017-09-22 10:28:53"
400;2;"BRYAN";"HARDISON";"BRYAN.HARDISON@sakilacustomer.org";405;"1";"2006-02-14 22:04:37.000";"2017-09-22 10:28:53"
401;2;"TONY";"CARRANZA";"TONY.CARRANZA@sakilacustomer.org";406;"1";"2006-02-14 22:04:37.000";"2017-09-22 10:28:53"
402;1;"LUIS";"YANEZ";"LUIS.YANEZ@sakilacustomer.org";407;"1";"2006-02-14 22:04:37.000";"2017-09-22 10:28:53"
403;1;"MIKE";"WAY";"MIKE.WAY@sakilacustomer.org";408;"1";"2006-02-14 22:04:37.000";"2017-09-22 10:28:53"
404;2;"STANLEY";"SCROGGINS";"STANLEY.SCROGGINS@sakilacustomer.org";409;"1";"2006-02-14 22:04:37.000";"2017-09-22 10:28:53"
405;1;"LEONARD";"SCHOFIELD";"LEONARD.SCHOFIELD@sakilacustomer.org";410;"1";"2006-02-14 22:04:37.000";"2017-09-22 10:28:53"
406;1;"NATHAN";"RUNYON";"NATHAN.RUNYON@sakilacustomer.org";411;"0";"2006-02-14 22:04:37.000";"2017-09-22 10:28:53"
407;1;"DALE";"RATCLIFF";"DALE.RATCLIFF@sakilacustomer.org";412;"1";"2006-02-14 22:04:37.000";"2017-09-22 10:28:53"
408;1;"MANUEL";"MURRELL";"MANUEL.MURRELL@sakilacustomer.org";413;"1";"2006-02-14 22:04:37.000";"2017-09-22 10:28:53"
409;2;"RODNEY";"MOELLER";"RODNEY.MOELLER@sakilacustomer.org";414;"1";"2006-02-14 22:04:37.000";"2017-09-22 10:28:53"
410;2;"CURTIS";"IRBY";"CURTIS.IRBY@sakilacustomer.org";415;"1";"2006-02-14 22:04:37.000";"2017-09-22 10:28:53"
411;1;"NORMAN";"CURRIER";"NORMAN.CURRIER@sakilacustomer.org";416;"1";"2006-02-14 22:04:37.000";"2017-09-22 10:28:53"
412;2;"ALLEN";"BUTTERFIELD";"ALLEN.BUTTERFIELD@sakilacustomer.org";417;"1";"2006-02-14 22:04:37.000";"2017-09-22 10:28:53"
413;2;"MARVIN";"YEE";"MARVIN.YEE@sakilacustomer.org";418;"1";"2006-02-14 22:04:37.000";"2017-09-22 10:28:53"
414;1;"VINCENT";"RALSTON";"VINCENT.RALSTON@sakilacustomer.org";419;"1";"2006-02-14 22:04:37.000";"2017-09-22 10:28:53"
415;1;"GLENN";"PULLEN";"GLENN.PULLEN@sakilacustomer.org";420;"1";"2006-02-14 22:04:37.000";"2017-09-22 10:28:53"
416;2;"JEFFERY";"PINSON";"JEFFERY.PINSON@sakilacustomer.org";421;"1";"2006-02-14 22:04:37.000";"2017-09-22 10:28:53"
417;1;"TRAVIS";"ESTEP";"TRAVIS.ESTEP@sakilacustomer.org";422;"1";"2006-02-14 22:04:37.000";"2017-09-22 10:28:53"
418;2;"JEFF";"EAST";"JEFF.EAST@sakilacustomer.org";423;"1";"2006-02-14 22:04:37.000";"2017-09-22 10:28:53"
419;1;"CHAD";"CARBONE";"CHAD.CARBONE@sakilacustomer.org";424;"1";"2006-02-14 22:04:37.000";"2017-09-22 10:28:53"
420;1;"JACOB";"LANCE";"JACOB.LANCE@sakilacustomer.org";425;"1";"2006-02-14 22:04:37.000";"2017-09-22 10:28:53"
421;1;"LEE";"HAWKS";"LEE.HAWKS@sakilacustomer.org";426;"1";"2006-02-14 22:04:37.000";"2017-09-22 10:28:53"
422;1;"MELVIN";"ELLINGTON";"MELVIN.ELLINGTON@sakilacustomer.org";427;"1";"2006-02-14 22:04:37.000";"2017-09-22 10:28:53"
423;2;"ALFRED";"CASILLAS";"ALFRED.CASILLAS@sakilacustomer.org";428;"1";"2006-02-14 22:04:37.000";"2017-09-22 10:28:53"
424;2;"KYLE";"SPURLOCK";"KYLE.SPURLOCK@sakilacustomer.org";429;"1";"2006-02-14 22:04:37.000";"2017-09-22 10:28:53"
425;2;"FRANCIS";"SIKES";"FRANCIS.SIKES@sakilacustomer.org";430;"1";"2006-02-14 22:04:37.000";"2017-09-22 10:28:53"
426;1;"BRADLEY";"MOTLEY";"BRADLEY.MOTLEY@sakilacustomer.org";431;"1";"2006-02-14 22:04:37.000";"2017-09-22 10:28:53"
427;2;"JESUS";"MCCARTNEY";"JESUS.MCCARTNEY@sakilacustomer.org";432;"1";"2006-02-14 22:04:37.000";"2017-09-22 10:28:53"
428;2;"HERBERT";"KRUGER";"HERBERT.KRUGER@sakilacustomer.org";433;"1";"2006-02-14 22:04:37.000";"2017-09-22 10:28:53"
429;2;"FREDERICK";"ISBELL";"FREDERICK.ISBELL@sakilacustomer.org";434;"1";"2006-02-14 22:04:37.000";"2017-09-22 10:28:53"
430;1;"RAY";"HOULE";"RAY.HOULE@sakilacustomer.org";435;"1";"2006-02-14 22:04:37.000";"2017-09-22 10:28:53"
431;2;"JOEL";"FRANCISCO";"JOEL.FRANCISCO@sakilacustomer.org";436;"1";"2006-02-14 22:04:37.000";"2017-09-22 10:28:53"
432;1;"EDWIN";"BURK";"EDWIN.BURK@sakilacustomer.org";437;"1";"2006-02-14 22:04:37.000";"2017-09-22 10:28:53"
433;1;"DON";"BONE";"DON.BONE@sakilacustomer.org";438;"1";"2006-02-14 22:04:37.000";"2017-09-22 10:28:53"
434;1;"EDDIE";"TOMLIN";"EDDIE.TOMLIN@sakilacustomer.org";439;"1";"2006-02-14 22:04:37.000";"2017-09-22 10:28:53"
435;2;"RICKY";"SHELBY";"RICKY.SHELBY@sakilacustomer.org";440;"1";"2006-02-14 22:04:37.000";"2017-09-22 10:28:53"
436;1;"TROY";"QUIGLEY";"TROY.QUIGLEY@sakilacustomer.org";441;"1";"2006-02-14 22:04:37.000";"2017-09-22 10:28:53"
437;2;"RANDALL";"NEUMANN";"RANDALL.NEUMANN@sakilacustomer.org";442;"1";"2006-02-14 22:04:37.000";"2017-09-22 10:28:53"
438;1;"BARRY";"LOVELACE";"BARRY.LOVELACE@sakilacustomer.org";443;"1";"2006-02-14 22:04:37.000";"2017-09-22 10:28:53"
439;2;"ALEXANDER";"FENNELL";"ALEXANDER.FENNELL@sakilacustomer.org";444;"1";"2006-02-14 22:04:37.000";"2017-09-22 10:28:53"
440;1;"BERNARD";"COLBY";"BERNARD.COLBY@sakilacustomer.org";445;"1";"2006-02-14 22:04:37.000";"2017-09-22 10:28:53"
441;1;"MARIO";"CHEATHAM";"MARIO.CHEATHAM@sakilacustomer.org";446;"1";"2006-02-14 22:04:37.000";"2017-09-22 10:28:53"
442;1;"LEROY";"BUSTAMANTE";"LEROY.BUSTAMANTE@sakilacustomer.org";447;"1";"2006-02-14 22:04:37.000";"2017-09-22 10:28:53"
443;2;"FRANCISCO";"SKIDMORE";"FRANCISCO.SKIDMORE@sakilacustomer.org";448;"1";"2006-02-14 22:04:37.000";"2017-09-22 10:28:53"
444;2;"MARCUS";"HIDALGO";"MARCUS.HIDALGO@sakilacustomer.org";449;"1";"2006-02-14 22:04:37.000";"2017-09-22 10:28:53"
445;1;"MICHEAL";"FORMAN";"MICHEAL.FORMAN@sakilacustomer.org";450;"1";"2006-02-14 22:04:37.000";"2017-09-22 10:28:53"
446;2;"THEODORE";"CULP";"THEODORE.CULP@sakilacustomer.org";451;"0";"2006-02-14 22:04:37.000";"2017-09-22 10:28:53"
447;1;"CLIFFORD";"BOWENS";"CLIFFORD.BOWENS@sakilacustomer.org";452;"1";"2006-02-14 22:04:37.000";"2017-09-22 10:28:53"
448;1;"MIGUEL";"BETANCOURT";"MIGUEL.BETANCOURT@sakilacustomer.org";453;"1";"2006-02-14 22:04:37.000";"2017-09-22 10:28:53"
449;2;"OSCAR";"AQUINO";"OSCAR.AQUINO@sakilacustomer.org";454;"1";"2006-02-14 22:04:37.000";"2017-09-22 10:28:53"
450;1;"JAY";"ROBB";"JAY.ROBB@sakilacustomer.org";455;"1";"2006-02-14 22:04:37.000";"2017-09-22 10:28:53"
451;1;"JIM";"REA";"JIM.REA@sakilacustomer.org";456;"1";"2006-02-14 22:04:37.000";"2017-09-22 10:28:53"
452;1;"TOM";"MILNER";"TOM.MILNER@sakilacustomer.org";457;"1";"2006-02-14 22:04:37.000";"2017-09-22 10:28:53"
453;1;"CALVIN";"MARTEL";"CALVIN.MARTEL@sakilacustomer.org";458;"1";"2006-02-14 22:04:37.000";"2017-09-22 10:28:53"
454;2;"ALEX";"GRESHAM";"ALEX.GRESHAM@sakilacustomer.org";459;"1";"2006-02-14 22:04:37.000";"2017-09-22 10:28:53"
455;2;"JON";"WILES";"JON.WILES@sakilacustomer.org";460;"1";"2006-02-14 22:04:37.000";"2017-09-22 10:28:53"
456;2;"RONNIE";"RICKETTS";"RONNIE.RICKETTS@sakilacustomer.org";461;"1";"2006-02-14 22:04:37.000";"2017-09-22 10:28:53"
457;2;"BILL";"GAVIN";"BILL.GAVIN@sakilacustomer.org";462;"1";"2006-02-14 22:04:37.000";"2017-09-22 10:28:53"
458;1;"LLOYD";"DOWD";"LLOYD.DOWD@sakilacustomer.org";463;"1";"2006-02-14 22:04:37.000";"2017-09-22 10:28:53"
459;1;"TOMMY";"COLLAZO";"TOMMY.COLLAZO@sakilacustomer.org";464;"1";"2006-02-14 22:04:37.000";"2017-09-22 10:28:53"
460;1;"LEON";"BOSTIC";"LEON.BOSTIC@sakilacustomer.org";465;"1";"2006-02-14 22:04:37.000";"2017-09-22 10:28:53"
461;1;"DEREK";"BLAKELY";"DEREK.BLAKELY@sakilacustomer.org";466;"1";"2006-02-14 22:04:37.000";"2017-09-22 10:28:53"
462;2;"WARREN";"SHERROD";"WARREN.SHERROD@sakilacustomer.org";467;"1";"2006-02-14 22:04:37.000";"2017-09-22 10:28:53"
463;2;"DARRELL";"POWER";"DARRELL.POWER@sakilacustomer.org";468;"1";"2006-02-14 22:04:37.000";"2017-09-22 10:28:53"
464;1;"JEROME";"KENYON";"JEROME.KENYON@sakilacustomer.org";469;"1";"2006-02-14 22:04:37.000";"2017-09-22 10:28:53"
465;1;"FLOYD";"GANDY";"FLOYD.GANDY@sakilacustomer.org";470;"1";"2006-02-14 22:04:37.000";"2017-09-22 10:28:53"
466;1;"LEO";"EBERT";"LEO.EBERT@sakilacustomer.org";471;"1";"2006-02-14 22:04:37.000";"2017-09-22 10:28:53"
467;2;"ALVIN";"DELOACH";"ALVIN.DELOACH@sakilacustomer.org";472;"1";"2006-02-14 22:04:37.000";"2017-09-22 10:28:53"
468;1;"TIM";"CARY";"TIM.CARY@sakilacustomer.org";473;"1";"2006-02-14 22:04:37.000";"2017-09-22 10:28:53"
469;2;"WESLEY";"BULL";"WESLEY.BULL@sakilacustomer.org";474;"1";"2006-02-14 22:04:37.000";"2017-09-22 10:28:53"
470;1;"GORDON";"ALLARD";"GORDON.ALLARD@sakilacustomer.org";475;"1";"2006-02-14 22:04:37.000";"2017-09-22 10:28:53"
471;1;"DEAN";"SAUER";"DEAN.SAUER@sakilacustomer.org";476;"1";"2006-02-14 22:04:37.000";"2017-09-22 10:28:53"
472;1;"GREG";"ROBINS";"GREG.ROBINS@sakilacustomer.org";477;"1";"2006-02-14 22:04:37.000";"2017-09-22 10:28:53"
473;2;"JORGE";"OLIVARES";"JORGE.OLIVARES@sakilacustomer.org";478;"1";"2006-02-14 22:04:37.000";"2017-09-22 10:28:53"
474;2;"DUSTIN";"GILLETTE";"DUSTIN.GILLETTE@sakilacustomer.org";479;"1";"2006-02-14 22:04:37.000";"2017-09-22 10:28:53"
475;2;"PEDRO";"CHESTNUT";"PEDRO.CHESTNUT@sakilacustomer.org";480;"1";"2006-02-14 22:04:37.000";"2017-09-22 10:28:53"
476;1;"DERRICK";"BOURQUE";"DERRICK.BOURQUE@sakilacustomer.org";481;"1";"2006-02-14 22:04:37.000";"2017-09-22 10:28:53"
477;1;"DAN";"PAINE";"DAN.PAINE@sakilacustomer.org";482;"1";"2006-02-14 22:04:37.000";"2017-09-22 10:28:53"
478;1;"LEWIS";"LYMAN";"LEWIS.LYMAN@sakilacustomer.org";483;"1";"2006-02-14 22:04:37.000";"2017-09-22 10:28:53"
479;1;"ZACHARY";"HITE";"ZACHARY.HITE@sakilacustomer.org";484;"1";"2006-02-14 22:04:37.000";"2017-09-22 10:28:53"
480;1;"COREY";"HAUSER";"COREY.HAUSER@sakilacustomer.org";485;"1";"2006-02-14 22:04:37.000";"2017-09-22 10:28:53"
481;1;"HERMAN";"DEVORE";"HERMAN.DEVORE@sakilacustomer.org";486;"1";"2006-02-14 22:04:37.000";"2017-09-22 10:28:53"
482;1;"MAURICE";"CRAWLEY";"MAURICE.CRAWLEY@sakilacustomer.org";487;"0";"2006-02-14 22:04:37.000";"2017-09-22 10:28:53"
483;2;"VERNON";"CHAPA";"VERNON.CHAPA@sakilacustomer.org";488;"1";"2006-02-14 22:04:37.000";"2017-09-22 10:28:53"
484;1;"ROBERTO";"VU";"ROBERTO.VU@sakilacustomer.org";489;"1";"2006-02-14 22:04:37.000";"2017-09-22 10:28:53"
485;1;"CLYDE";"TOBIAS";"CLYDE.TOBIAS@sakilacustomer.org";490;"1";"2006-02-14 22:04:37.000";"2017-09-22 10:28:53"
486;1;"GLEN";"TALBERT";"GLEN.TALBERT@sakilacustomer.org";491;"1";"2006-02-14 22:04:37.000";"2017-09-22 10:28:53"
487;2;"HECTOR";"POINDEXTER";"HECTOR.POINDEXTER@sakilacustomer.org";492;"1";"2006-02-14 22:04:37.000";"2017-09-22 10:28:53"
488;2;"SHANE";"MILLARD";"SHANE.MILLARD@sakilacustomer.org";493;"1";"2006-02-14 22:04:37.000";"2017-09-22 10:28:53"
489;1;"RICARDO";"MEADOR";"RICARDO.MEADOR@sakilacustomer.org";494;"1";"2006-02-14 22:04:37.000";"2017-09-22 10:28:53"
490;1;"SAM";"MCDUFFIE";"SAM.MCDUFFIE@sakilacustomer.org";495;"1";"2006-02-14 22:04:37.000";"2017-09-22 10:28:53"
491;2;"RICK";"MATTOX";"RICK.MATTOX@sakilacustomer.org";496;"1";"2006-02-14 22:04:37.000";"2017-09-22 10:28:53"
492;2;"LESTER";"KRAUS";"LESTER.KRAUS@sakilacustomer.org";497;"1";"2006-02-14 22:04:37.000";"2017-09-22 10:28:53"
493;1;"BRENT";"HARKINS";"BRENT.HARKINS@sakilacustomer.org";498;"1";"2006-02-14 22:04:37.000";"2017-09-22 10:28:53"
494;2;"RAMON";"CHOATE";"RAMON.CHOATE@sakilacustomer.org";499;"1";"2006-02-14 22:04:37.000";"2017-09-22 10:28:53"
495;2;"CHARLIE";"BESS";"CHARLIE.BESS@sakilacustomer.org";500;"1";"2006-02-14 22:04:37.000";"2017-09-22 10:28:53"
496;2;"TYLER";"WREN";"TYLER.WREN@sakilacustomer.org";501;"1";"2006-02-14 22:04:37.000";"2017-09-22 10:28:53"
497;2;"GILBERT";"SLEDGE";"GILBERT.SLEDGE@sakilacustomer.org";502;"1";"2006-02-14 22:04:37.000";"2017-09-22 10:28:53"
498;1;"GENE";"SANBORN";"GENE.SANBORN@sakilacustomer.org";503;"1";"2006-02-14 22:04:37.000";"2017-09-22 10:28:53"
499;2;"MARC";"OUTLAW";"MARC.OUTLAW@sakilacustomer.org";504;"1";"2006-02-14 22:04:37.000";"2017-09-22 10:28:53"
500;1;"REGINALD";"KINDER";"REGINALD.KINDER@sakilacustomer.org";505;"1";"2006-02-14 22:04:37.000";"2017-09-22 10:28:53"
501;1;"RUBEN";"GEARY";"RUBEN.GEARY@sakilacustomer.org";506;"1";"2006-02-14 22:04:37.000";"2017-09-22 10:28:53"
502;1;"BRETT";"CORNWELL";"BRETT.CORNWELL@sakilacustomer.org";507;"1";"2006-02-14 22:04:37.000";"2017-09-22 10:28:53"
503;1;"ANGEL";"BARCLAY";"ANGEL.BARCLAY@sakilacustomer.org";508;"1";"2006-02-14 22:04:37.000";"2017-09-22 10:28:53"
504;1;"NATHANIEL";"ADAM";"NATHANIEL.ADAM@sakilacustomer.org";509;"1";"2006-02-14 22:04:37.000";"2017-09-22 10:28:53"
505;1;"RAFAEL";"ABNEY";"RAFAEL.ABNEY@sakilacustomer.org";510;"1";"2006-02-14 22:04:37.000";"2017-09-22 10:28:53"
506;2;"LESLIE";"SEWARD";"LESLIE.SEWARD@sakilacustomer.org";511;"1";"2006-02-14 22:04:37.000";"2017-09-22 10:28:53"
507;2;"EDGAR";"RHOADS";"EDGAR.RHOADS@sakilacustomer.org";512;"1";"2006-02-14 22:04:37.000";"2017-09-22 10:28:53"
508;2;"MILTON";"HOWLAND";"MILTON.HOWLAND@sakilacustomer.org";513;"1";"2006-02-14 22:04:37.000";"2017-09-22 10:28:53"
509;1;"RAUL";"FORTIER";"RAUL.FORTIER@sakilacustomer.org";514;"1";"2006-02-14 22:04:37.000";"2017-09-22 10:28:53"
510;2;"BEN";"EASTER";"BEN.EASTER@sakilacustomer.org";515;"0";"2006-02-14 22:04:37.000";"2017-09-22 10:28:53"
511;1;"CHESTER";"BENNER";"CHESTER.BENNER@sakilacustomer.org";516;"1";"2006-02-14 22:04:37.000";"2017-09-22 10:28:53"
512;1;"CECIL";"VINES";"CECIL.VINES@sakilacustomer.org";517;"1";"2006-02-14 22:04:37.000";"2017-09-22 10:28:53"
513;2;"DUANE";"TUBBS";"DUANE.TUBBS@sakilacustomer.org";519;"1";"2006-02-14 22:04:37.000";"2017-09-22 10:28:53"
514;2;"FRANKLIN";"TROUTMAN";"FRANKLIN.TROUTMAN@sakilacustomer.org";520;"1";"2006-02-14 22:04:37.000";"2017-09-22 10:28:53"
515;1;"ANDRE";"RAPP";"ANDRE.RAPP@sakilacustomer.org";521;"1";"2006-02-14 22:04:37.000";"2017-09-22 10:28:53"
516;2;"ELMER";"NOE";"ELMER.NOE@sakilacustomer.org";522;"1";"2006-02-14 22:04:37.000";"2017-09-22 10:28:53"
517;2;"BRAD";"MCCURDY";"BRAD.MCCURDY@sakilacustomer.org";523;"1";"2006-02-14 22:04:37.000";"2017-09-22 10:28:53"
518;1;"GABRIEL";"HARDER";"GABRIEL.HARDER@sakilacustomer.org";524;"1";"2006-02-14 22:04:37.000";"2017-09-22 10:28:53"
519;2;"RON";"DELUCA";"RON.DELUCA@sakilacustomer.org";525;"1";"2006-02-14 22:04:37.000";"2017-09-22 10:28:53"
520;2;"MITCHELL";"WESTMORELAND";"MITCHELL.WESTMORELAND@sakilacustomer.org";526;"1";"2006-02-14 22:04:37.000";"2017-09-22 10:28:53"
521;2;"ROLAND";"SOUTH";"ROLAND.SOUTH@sakilacustomer.org";527;"1";"2006-02-14 22:04:37.000";"2017-09-22 10:28:53"
522;2;"ARNOLD";"HAVENS";"ARNOLD.HAVENS@sakilacustomer.org";528;"1";"2006-02-14 22:04:37.000";"2017-09-22 10:28:53"
523;1;"HARVEY";"GUAJARDO";"HARVEY.GUAJARDO@sakilacustomer.org";529;"1";"2006-02-14 22:04:37.000";"2017-09-22 10:28:53"
524;1;"JARED";"ELY";"JARED.ELY@sakilacustomer.org";530;"1";"2006-02-14 22:04:37.000";"2017-09-22 10:28:53"
525;2;"ADRIAN";"CLARY";"ADRIAN.CLARY@sakilacustomer.org";531;"1";"2006-02-14 22:04:37.000";"2017-09-22 10:28:53"
526;2;"KARL";"SEAL";"KARL.SEAL@sakilacustomer.org";532;"1";"2006-02-14 22:04:37.000";"2017-09-22 10:28:53"
527;1;"CORY";"MEEHAN";"CORY.MEEHAN@sakilacustomer.org";533;"1";"2006-02-14 22:04:37.000";"2017-09-22 10:28:53"
528;1;"CLAUDE";"HERZOG";"CLAUDE.HERZOG@sakilacustomer.org";534;"1";"2006-02-14 22:04:37.000";"2017-09-22 10:28:53"
529;2;"ERIK";"GUILLEN";"ERIK.GUILLEN@sakilacustomer.org";535;"1";"2006-02-14 22:04:37.000";"2017-09-22 10:28:53"
530;2;"DARRYL";"ASHCRAFT";"DARRYL.ASHCRAFT@sakilacustomer.org";536;"1";"2006-02-14 22:04:37.000";"2017-09-22 10:28:53"
531;2;"JAMIE";"WAUGH";"JAMIE.WAUGH@sakilacustomer.org";537;"1";"2006-02-14 22:04:37.000";"2017-09-22 10:28:53"
532;2;"NEIL";"RENNER";"NEIL.RENNER@sakilacustomer.org";538;"1";"2006-02-14 22:04:37.000";"2017-09-22 10:28:53"
533;1;"JESSIE";"MILAM";"JESSIE.MILAM@sakilacustomer.org";539;"1";"2006-02-14 22:04:37.000";"2017-09-22 10:28:53"
534;1;"CHRISTIAN";"JUNG";"CHRISTIAN.JUNG@sakilacustomer.org";540;"0";"2006-02-14 22:04:37.000";"2017-09-22 10:28:53"
535;1;"JAVIER";"ELROD";"JAVIER.ELROD@sakilacustomer.org";541;"1";"2006-02-14 22:04:37.000";"2017-09-22 10:28:53"
536;2;"FERNANDO";"CHURCHILL";"FERNANDO.CHURCHILL@sakilacustomer.org";542;"1";"2006-02-14 22:04:37.000";"2017-09-22 10:28:53"
537;2;"CLINTON";"BUFORD";"CLINTON.BUFORD@sakilacustomer.org";543;"1";"2006-02-14 22:04:37.000";"2017-09-22 10:28:53"
538;2;"TED";"BREAUX";"TED.BREAUX@sakilacustomer.org";544;"1";"2006-02-14 22:04:37.000";"2017-09-22 10:28:53"
539;1;"MATHEW";"BOLIN";"MATHEW.BOLIN@sakilacustomer.org";545;"1";"2006-02-14 22:04:37.000";"2017-09-22 10:28:53"
540;1;"TYRONE";"ASHER";"TYRONE.ASHER@sakilacustomer.org";546;"1";"2006-02-14 22:04:37.000";"2017-09-22 10:28:53"
541;2;"DARREN";"WINDHAM";"DARREN.WINDHAM@sakilacustomer.org";547;"1";"2006-02-14 22:04:37.000";"2017-09-22 10:28:53"
542;2;"LONNIE";"TIRADO";"LONNIE.TIRADO@sakilacustomer.org";548;"1";"2006-02-14 22:04:37.000";"2017-09-22 10:28:53"
543;1;"LANCE";"PEMBERTON";"LANCE.PEMBERTON@sakilacustomer.org";549;"1";"2006-02-14 22:04:37.000";"2017-09-22 10:28:53"
544;2;"CODY";"NOLEN";"CODY.NOLEN@sakilacustomer.org";550;"1";"2006-02-14 22:04:37.000";"2017-09-22 10:28:53"
545;2;"JULIO";"NOLAND";"JULIO.NOLAND@sakilacustomer.org";551;"1";"2006-02-14 22:04:37.000";"2017-09-22 10:28:53"
546;1;"KELLY";"KNOTT";"KELLY.KNOTT@sakilacustomer.org";552;"1";"2006-02-14 22:04:37.000";"2017-09-22 10:28:53"
547;1;"KURT";"EMMONS";"KURT.EMMONS@sakilacustomer.org";553;"1";"2006-02-14 22:04:37.000";"2017-09-22 10:28:53"
548;1;"ALLAN";"CORNISH";"ALLAN.CORNISH@sakilacustomer.org";554;"1";"2006-02-14 22:04:37.000";"2017-09-22 10:28:53"
549;1;"NELSON";"CHRISTENSON";"NELSON.CHRISTENSON@sakilacustomer.org";555;"1";"2006-02-14 22:04:37.000";"2017-09-22 10:28:53"
550;2;"GUY";"BROWNLEE";"GUY.BROWNLEE@sakilacustomer.org";556;"1";"2006-02-14 22:04:37.000";"2017-09-22 10:28:53"
551;2;"CLAYTON";"BARBEE";"CLAYTON.BARBEE@sakilacustomer.org";557;"1";"2006-02-14 22:04:37.000";"2017-09-22 10:28:53"
552;2;"HUGH";"WALDROP";"HUGH.WALDROP@sakilacustomer.org";558;"1";"2006-02-14 22:04:37.000";"2017-09-22 10:28:53"
553;1;"MAX";"PITT";"MAX.PITT@sakilacustomer.org";559;"1";"2006-02-14 22:04:37.000";"2017-09-22 10:28:53"
554;1;"DWAYNE";"OLVERA";"DWAYNE.OLVERA@sakilacustomer.org";560;"1";"2006-02-14 22:04:37.000";"2017-09-22 10:28:53"
555;1;"DWIGHT";"LOMBARDI";"DWIGHT.LOMBARDI@sakilacustomer.org";561;"1";"2006-02-14 22:04:37.000";"2017-09-22 10:28:53"
556;2;"ARMANDO";"GRUBER";"ARMANDO.GRUBER@sakilacustomer.org";562;"1";"2006-02-14 22:04:37.000";"2017-09-22 10:28:53"
557;1;"FELIX";"GAFFNEY";"FELIX.GAFFNEY@sakilacustomer.org";563;"1";"2006-02-14 22:04:37.000";"2017-09-22 10:28:53"
558;1;"JIMMIE";"EGGLESTON";"JIMMIE.EGGLESTON@sakilacustomer.org";564;"0";"2006-02-14 22:04:37.000";"2017-09-22 10:28:53"
559;2;"EVERETT";"BANDA";"EVERETT.BANDA@sakilacustomer.org";565;"1";"2006-02-14 22:04:37.000";"2017-09-22 10:28:53"
560;1;"JORDAN";"ARCHULETA";"JORDAN.ARCHULETA@sakilacustomer.org";566;"1";"2006-02-14 22:04:37.000";"2017-09-22 10:28:53"
561;2;"IAN";"STILL";"IAN.STILL@sakilacustomer.org";567;"1";"2006-02-14 22:04:37.000";"2017-09-22 10:28:53"
562;1;"WALLACE";"SLONE";"WALLACE.SLONE@sakilacustomer.org";568;"1";"2006-02-14 22:04:37.000";"2017-09-22 10:28:53"
563;2;"KEN";"PREWITT";"KEN.PREWITT@sakilacustomer.org";569;"1";"2006-02-14 22:04:37.000";"2017-09-22 10:28:53"
564;2;"BOB";"PFEIFFER";"BOB.PFEIFFER@sakilacustomer.org";570;"1";"2006-02-14 22:04:37.000";"2017-09-22 10:28:53"
565;2;"JAIME";"NETTLES";"JAIME.NETTLES@sakilacustomer.org";571;"1";"2006-02-14 22:04:37.000";"2017-09-22 10:28:53"
566;1;"CASEY";"MENA";"CASEY.MENA@sakilacustomer.org";572;"1";"2006-02-14 22:04:37.000";"2017-09-22 10:28:53"
567;2;"ALFREDO";"MCADAMS";"ALFREDO.MCADAMS@sakilacustomer.org";573;"1";"2006-02-14 22:04:37.000";"2017-09-22 10:28:53"
568;2;"ALBERTO";"HENNING";"ALBERTO.HENNING@sakilacustomer.org";574;"1";"2006-02-14 22:04:37.000";"2017-09-22 10:28:53"
569;2;"DAVE";"GARDINER";"DAVE.GARDINER@sakilacustomer.org";575;"1";"2006-02-14 22:04:37.000";"2017-09-22 10:28:53"
570;2;"IVAN";"CROMWELL";"IVAN.CROMWELL@sakilacustomer.org";576;"1";"2006-02-14 22:04:37.000";"2017-09-22 10:28:53"
571;2;"JOHNNIE";"CHISHOLM";"JOHNNIE.CHISHOLM@sakilacustomer.org";577;"1";"2006-02-14 22:04:37.000";"2017-09-22 10:28:53"
572;1;"SIDNEY";"BURLESON";"SIDNEY.BURLESON@sakilacustomer.org";578;"1";"2006-02-14 22:04:37.000";"2017-09-22 10:28:53"
573;1;"BYRON";"BOX";"BYRON.BOX@sakilacustomer.org";579;"1";"2006-02-14 22:04:37.000";"2017-09-22 10:28:53"
574;2;"JULIAN";"VEST";"JULIAN.VEST@sakilacustomer.org";580;"1";"2006-02-14 22:04:37.000";"2017-09-22 10:28:53"
575;2;"ISAAC";"OGLESBY";"ISAAC.OGLESBY@sakilacustomer.org";581;"1";"2006-02-14 22:04:37.000";"2017-09-22 10:28:53"
576;2;"MORRIS";"MCCARTER";"MORRIS.MCCARTER@sakilacustomer.org";582;"1";"2006-02-14 22:04:37.000";"2017-09-22 10:28:53"
577;2;"CLIFTON";"MALCOLM";"CLIFTON.MALCOLM@sakilacustomer.org";583;"1";"2006-02-14 22:04:37.000";"2017-09-22 10:28:53"
578;2;"WILLARD";"LUMPKIN";"WILLARD.LUMPKIN@sakilacustomer.org";584;"1";"2006-02-14 22:04:37.000";"2017-09-22 10:28:53"
579;2;"DARYL";"LARUE";"DARYL.LARUE@sakilacustomer.org";585;"1";"2006-02-14 22:04:37.000";"2017-09-22 10:28:53"
580;1;"ROSS";"GREY";"ROSS.GREY@sakilacustomer.org";586;"1";"2006-02-14 22:04:37.000";"2017-09-22 10:28:53"
581;1;"VIRGIL";"WOFFORD";"VIRGIL.WOFFORD@sakilacustomer.org";587;"1";"2006-02-14 22:04:37.000";"2017-09-22 10:28:53"
582;2;"ANDY";"VANHORN";"ANDY.VANHORN@sakilacustomer.org";588;"1";"2006-02-14 22:04:37.000";"2017-09-22 10:28:53"
583;1;"MARSHALL";"THORN";"MARSHALL.THORN@sakilacustomer.org";589;"1";"2006-02-14 22:04:37.000";"2017-09-22 10:28:53"
584;2;"SALVADOR";"TEEL";"SALVADOR.TEEL@sakilacustomer.org";590;"1";"2006-02-14 22:04:37.000";"2017-09-22 10:28:53"
585;1;"PERRY";"SWAFFORD";"PERRY.SWAFFORD@sakilacustomer.org";591;"1";"2006-02-14 22:04:37.000";"2017-09-22 10:28:53"
586;1;"KIRK";"STCLAIR";"KIRK.STCLAIR@sakilacustomer.org";592;"1";"2006-02-14 22:04:37.000";"2017-09-22 10:28:53"
587;1;"SERGIO";"STANFIELD";"SERGIO.STANFIELD@sakilacustomer.org";593;"1";"2006-02-14 22:04:37.000";"2017-09-22 10:28:53"
588;1;"MARION";"OCAMPO";"MARION.OCAMPO@sakilacustomer.org";594;"1";"2006-02-14 22:04:37.000";"2017-09-22 10:28:53"
589;1;"TRACY";"HERRMANN";"TRACY.HERRMANN@sakilacustomer.org";595;"1";"2006-02-14 22:04:37.000";"2017-09-22 10:28:53"
590;2;"SETH";"HANNON";"SETH.HANNON@sakilacustomer.org";596;"1";"2006-02-14 22:04:37.000";"2017-09-22 10:28:53"
591;1;"KENT";"ARSENAULT";"KENT.ARSENAULT@sakilacustomer.org";597;"1";"2006-02-14 22:04:37.000";"2017-09-22 10:28:53"
592;1;"TERRANCE";"ROUSH";"TERRANCE.ROUSH@sakilacustomer.org";598;"0";"2006-02-14 22:04:37.000";"2017-09-22 10:28:53"
593;2;"RENE";"MCALISTER";"RENE.MCALISTER@sakilacustomer.org";599;"1";"2006-02-14 22:04:37.000";"2017-09-22 10:28:53"
594;1;"EDUARDO";"HIATT";"EDUARDO.HIATT@sakilacustomer.org";600;"1";"2006-02-14 22:04:37.000";"2017-09-22 10:28:53"
595;1;"TERRENCE";"GUNDERSON";"TERRENCE.GUNDERSON@sakilacustomer.org";601;"1";"2006-02-14 22:04:37.000";"2017-09-22 10:28:53"
596;1;"ENRIQUE";"FORSYTHE";"ENRIQUE.FORSYTHE@sakilacustomer.org";602;"1";"2006-02-14 22:04:37.000";"2017-09-22 10:28:53"
597;1;"FREDDIE";"DUGGAN";"FREDDIE.DUGGAN@sakilacustomer.org";603;"1";"2006-02-14 22:04:37.000";"2017-09-22 10:28:53"
598;1;"WADE";"DELVALLE";"WADE.DELVALLE@sakilacustomer.org";604;"1";"2006-02-14 22:04:37.000";"2017-09-22 10:28:53"
599;2;"AUSTIN";"CINTRON";"AUSTIN.CINTRON@sakilacustomer.org";605;"1";"2006-02-14 22:04:37.000";"2017-09-22 10:28:53"
